review_id,product_id,marketplace,product_title,product_url,product_image_url,product_image_path,rating,review_text,review_image_urls,review_image_paths,verified_purchase,annotator_id,final_label
RV01,PD01,Daraz,Hoco EQ24 Estrella Wireless BT Earbuds - Time Square,https://www.daraz.com.bd/products/hoco-eq24-estrella-wireless-bt-earbuds-time-square-i537147546-s2616333074.html,https://static-01.daraz.com.bd/p/f64ae08055ba4d65e3dc95f453e2d6a6.png,output_v2\images\products\PD01.png,5,অসাধারণ একটি প্রোডাক্ট। মাত্র ৬৩৫ টাকা খরচ করে দারাজের টাইম স্কয়ার থেকে হোকো EQ24 TWS টা পেয়েছি। অর্ডারের একদিনের মাথায় পণ্য হাতে পেয়েছি। একদম অথেনটিক একটি প্রোডাক্ট। সাউন্ড এবং বেজ কোয়ালিটি একদম ডিজে পার্টির মতো।  এত অল্পদামে ওয়ার বার্ড একমাত্র হোকোই দেয়। বাজারে অসংখ্য ভূঁইফোড় ওয়ারবার্ড বার বার না কিনে একবার ভালো ব্র্যান্ডের পণ্য কেনা ভালো। আলহামদুলিল্লাহ। ,https://lzd-u.slatic.net/965bc99b70d04dacacd8ce46784aa155_9ab193d1e72640aab23df0098522a7c1.jpg | https://lzd-u.slatic.net/965bc99b70d04dacacd8ce46784aa155_651465ce6b784341b2a6536dd1a0f1fb.jpg,output_v2\images\reviews\RV01\img_01.jpg | output_v2\images\reviews\RV01\img_02.jpg,True,,
RV02,PD01,Daraz,Hoco EQ24 Estrella Wireless BT Earbuds - Time Square,https://www.daraz.com.bd/products/hoco-eq24-estrella-wireless-bt-earbuds-time-square-i537147546-s2616333074.html,https://static-01.daraz.com.bd/p/f64ae08055ba4d65e3dc95f453e2d6a6.png,output_v2\images\products\PD01.png,5,"প্যাকেজিং ভালো ছিল, tws টা অথেনটিক, সব কিছু মনমতো হইছে, চার্জ ব্যাকআপ কত দেয় সেটা দেখার বিষয়, এই দামে জোস প্রোডাক্ট
overall satisfied 😊 ",https://lzd-u.slatic.net/ab808c4cbb404d8e929dcea03fbd6302_c208d39a9e014e16aed7c6839d7dcb10.jpg | https://lzd-u.slatic.net/2a2ad2530a4c4588a115b555ffeab59b_996cae45d4654721b5b950fd5f48bfd1.jpg | https://lzd-u.slatic.net/2a2ad2530a4c4588a115b555ffeab59b_f7982df03fa8413bb9e8c9d138d06480.jpg | https://lzd-u.slatic.net/2a2ad2530a4c4588a115b555ffeab59b_093732361f854effa3ec4c6eddd0bd05.jpg,output_v2\images\reviews\RV02\img_01.jpg | output_v2\images\reviews\RV02\img_02.jpg | output_v2\images\reviews\RV02\img_03.jpg | output_v2\images\reviews\RV02\img_04.jpg,True,,
RV03,PD01,Daraz,Hoco EQ24 Estrella Wireless BT Earbuds - Time Square,https://www.daraz.com.bd/products/hoco-eq24-estrella-wireless-bt-earbuds-time-square-i537147546-s2616333074.html,https://static-01.daraz.com.bd/p/f64ae08055ba4d65e3dc95f453e2d6a6.png,output_v2\images\products\PD01.png,5,"

প্রিমিয়াম কোয়ালিটি যেমন চাইছে তেমন পাইছি 
১০০% অরজিনাল, 
মেট ফিশিং,
খুব দ্রুত ডেলিভারি পেয়েছি, 
সেলারের রেসপন্স অনেক ভালো,

সাউন্ড কোয়ালিটি অনেক  ভালো,
ব্লুটুথ 5.4
ব্যাটারি ব্যাকআপ 5-6 hours পেয়েছি 
নিঃসন্দেহে এই প্রোডাক্টটি ক্রয় করতে পারেন সবাই",https://sg-test-11.slatic.net/other/roc/6bc598ada406535513f613241d4bef50.jpg | https://sg-test-11.slatic.net/other/roc/b652938feb81e9efb02c10db86b26db3.jpg | https://sg-test-11.slatic.net/other/roc/956661da0dfb8d20e36c8e7277fb22ef.jpg,output_v2\images\reviews\RV03\img_01.jpg | output_v2\images\reviews\RV03\img_02.jpg | output_v2\images\reviews\RV03\img_03.jpg,True,,
RV04,PD01,Daraz,Hoco EQ24 Estrella Wireless BT Earbuds - Time Square,https://www.daraz.com.bd/products/hoco-eq24-estrella-wireless-bt-earbuds-time-square-i537147546-s2616333074.html,https://static-01.daraz.com.bd/p/f64ae08055ba4d65e3dc95f453e2d6a6.png,output_v2\images\products\PD01.png,5," অর্ডারের পাঁচ দিনের মধ্যে প্রোডাক্ট টি পেয়েছি আলহামদুলিল্লাহ  খুব ভালো ও প্রিমিয়াম প্রোডাক্ট আমি ৭৫৬ টাকা দিয়ে নিয়েছি ডেলিভারি খরচ সহ🤍🥰
 ",https://lzd-u.slatic.net/34cd6b63dd28475f98785fbfc88aa8cb_268a101c72d748c198ddfde2850d5868.jpg | https://lzd-u.slatic.net/9fc230f282f8485285070df97915b2aa_e771c273b33d41978096994da1e50f90.jpg | https://lzd-u.slatic.net/34cd6b63dd28475f98785fbfc88aa8cb_1bc547ca045141649077cf2163799d19.jpg,output_v2\images\reviews\RV04\img_01.jpg | output_v2\images\reviews\RV04\img_02.jpg | output_v2\images\reviews\RV04\img_03.jpg,True,,
RV05,PD01,Daraz,Hoco EQ24 Estrella Wireless BT Earbuds - Time Square,https://www.daraz.com.bd/products/hoco-eq24-estrella-wireless-bt-earbuds-time-square-i537147546-s2616333074.html,https://static-01.daraz.com.bd/p/f64ae08055ba4d65e3dc95f453e2d6a6.png,output_v2\images\products\PD01.png,5,"kom dame exilent product high frequency te sound hlka fate jay bt ei price e beast jara ebty lvl er khojtasen eta perfect ekhono notun tai crg backup somporke idea nai bt compay claim kortese 7 h in one charge wet ato beshi na kane comfortable ami onk dami buds use korsi bt oigular sathe eta jora dile hobe na eta ei dam e onk clean 
sob sesh e time squre ke dhonno bad ato sondor packaging r quality maintain korar jonno r fast delivery o chilo ami 10/9 dibo best ❤️❤️❤️ ",https://lzd-u.slatic.net/c4e164bc10774520aa5285c1118b08ce_c1660e82827a430d9d5cc8ea345e0849.jpg,output_v2\images\reviews\RV05\img_01.jpg,True,,
RV06,PD01,Daraz,Hoco EQ24 Estrella Wireless BT Earbuds - Time Square,https://www.daraz.com.bd/products/hoco-eq24-estrella-wireless-bt-earbuds-time-square-i537147546-s2616333074.html,https://static-01.daraz.com.bd/p/f64ae08055ba4d65e3dc95f453e2d6a6.png,output_v2\images\products\PD01.png,5,"আলহামদুলিল্লাহ,,,,, এই প্রথম দারাজ থেকে যেমন টা চেয়েছি তেমন টা পেয়েছি,,,,,, ধন্যবাদ দারাজ ও সেলার কে  ",https://lzd-u.slatic.net/0e6cdfcf129546b4acc8797cd3fdbe31_3817e17c57fb43c8a6a29821f6ac0d0a.jpg,output_v2\images\reviews\RV06\img_01.jpg,True,,
RV07,PD01,Daraz,Hoco EQ24 Estrella Wireless BT Earbuds - Time Square,https://www.daraz.com.bd/products/hoco-eq24-estrella-wireless-bt-earbuds-time-square-i537147546-s2616333074.html,https://static-01.daraz.com.bd/p/f64ae08055ba4d65e3dc95f453e2d6a6.png,output_v2\images\products\PD01.png,5,"২ দিন হয়েছে হাতে পেয়েছি এখন পর্যন্ত ভালই সার্ভিস দিতেছে  সাউন্ড কোয়ালিটিও অনেক ভাল এখন বাকি দেখা যাক কতদিন সার্ভিস দেয়৷,, আশা করি অনেক দিন ব্যবহার করতে পারব। আরেকটা জিনিস হল এটা নয়েজ ক্যান্সেলেশন নাই এটা থাকলে আরও ভাল এক্সপ্রিয়েন্সড পেতাম তবে সমস্যা নেই অভার অল সব মিলেয়ে এই প্রাইজ এটা যতেষ্ট ভাল। ",https://lzd-u.slatic.net/1780144c98894e489dde9e2f012f51ca_644d9603d71042de8a916c7dd2e335a4.jpg | https://lzd-u.slatic.net/0f57da31b0884d87bab9ed1e24c6254b_8c8e382004c04bd1964f1e800b677f45.jpg,output_v2\images\reviews\RV07\img_01.jpg | output_v2\images\reviews\RV07\img_02.jpg,True,,
RV08,PD01,Daraz,Hoco EQ24 Estrella Wireless BT Earbuds - Time Square,https://www.daraz.com.bd/products/hoco-eq24-estrella-wireless-bt-earbuds-time-square-i537147546-s2616333074.html,https://static-01.daraz.com.bd/p/f64ae08055ba4d65e3dc95f453e2d6a6.png,output_v2\images\products\PD01.png,5,সর্বপ্রথম ডেলিভারি ম্যান কে  ধন্যবাদ অনেক সুন্দর ব্যবহার ব্লুটুথ টি অনেক সুন্দর যে কেউ চাইলে নিতে পারেন খুব ভালো ব্লুটুথ অনেক সুন্দর  ,https://lzd-u.slatic.net/9505b2df4cd040c486b2fc0b0d64faaa_1c4a61d96b7742b5b9433e5ecb35a0db.jpg,output_v2\images\reviews\RV08\img_01.jpg,True,,
RV09,PD01,Daraz,Hoco EQ24 Estrella Wireless BT Earbuds - Time Square,https://www.daraz.com.bd/products/hoco-eq24-estrella-wireless-bt-earbuds-time-square-i537147546-s2616333074.html,https://static-01.daraz.com.bd/p/f64ae08055ba4d65e3dc95f453e2d6a6.png,output_v2\images\products\PD01.png,5,"Sound quality osthir, design comfortable fit, battery life bhalo. original earbuds paici",https://sg-test-11.slatic.net/other/roc/2e52e3bf9d1cb12b40d3755837bcc653.jpg | https://sg-test-11.slatic.net/other/roc/cd9e6d9ce29e749e24b97fc7f7b07944.jpg,output_v2\images\reviews\RV09\img_01.jpg | output_v2\images\reviews\RV09\img_02.jpg,True,,
RV10,PD01,Daraz,Hoco EQ24 Estrella Wireless BT Earbuds - Time Square,https://www.daraz.com.bd/products/hoco-eq24-estrella-wireless-bt-earbuds-time-square-i537147546-s2616333074.html,https://static-01.daraz.com.bd/p/f64ae08055ba4d65e3dc95f453e2d6a6.png,output_v2\images\products\PD01.png,5,"১০০% অরজিনাল, 
মেট ফিশিং,
খুব দ্রুত ডেলিভারি পেয়েছি, 
সেলারের রেসপন্স অনেক ভালো",https://sg-test-11.slatic.net/other/roc/76724cec9c959ba604450fb138d360a3.jpg,output_v2\images\reviews\RV10\img_01.jpg,True,,
RV11,PD01,Daraz,Hoco EQ24 Estrella Wireless BT Earbuds - Time Square,https://www.daraz.com.bd/products/hoco-eq24-estrella-wireless-bt-earbuds-time-square-i537147546-s2616333074.html,https://static-01.daraz.com.bd/p/f64ae08055ba4d65e3dc95f453e2d6a6.png,output_v2\images\products\PD01.png,5,"28 Hours backup, বক্সটিতে লেখা থাকলেও ব্যাটারি ব্যাকআপ ২০-২২ hours দেয়। ",https://lzd-u.slatic.net/1fdfd84515b744edb3c4d986577d9616_9370fae609854bb8964835b3b11d2686.jpg,output_v2\images\reviews\RV11\img_01.jpg,True,,
RV12,PD01,Daraz,Hoco EQ24 Estrella Wireless BT Earbuds - Time Square,https://www.daraz.com.bd/products/hoco-eq24-estrella-wireless-bt-earbuds-time-square-i537147546-s2616333074.html,https://static-01.daraz.com.bd/p/f64ae08055ba4d65e3dc95f453e2d6a6.png,output_v2\images\products\PD01.png,5,product sounds quality Bhalo chilo charge Bhalo thake ei dam hisebe  ,https://lzd-u.slatic.net/ece46977855f47de97111181b590824a_3d1d9559378e44268bed99685d6f145d.jpg | https://lzd-u.slatic.net/d7da63c63d954ea3a2084b255670da2d_bd7d1637e039401ebfb12415d29c7ca2.jpg | https://lzd-u.slatic.net/ece46977855f47de97111181b590824a_7d3cc2c823664c4fba8072ee846be589.jpg | https://lzd-u.slatic.net/ece46977855f47de97111181b590824a_b4c1747438ba4cedbe335d68dde925a8.jpg | https://lzd-u.slatic.net/ece46977855f47de97111181b590824a_f30372c058d2438799bf3d8fecb61858.jpg,output_v2\images\reviews\RV12\img_01.jpg | output_v2\images\reviews\RV12\img_02.jpg | output_v2\images\reviews\RV12\img_03.jpg | output_v2\images\reviews\RV12\img_04.jpg | output_v2\images\reviews\RV12\img_05.jpg,True,,
RV13,PD01,Daraz,Hoco EQ24 Estrella Wireless BT Earbuds - Time Square,https://www.daraz.com.bd/products/hoco-eq24-estrella-wireless-bt-earbuds-time-square-i537147546-s2616333074.html,https://static-01.daraz.com.bd/p/f64ae08055ba4d65e3dc95f453e2d6a6.png,output_v2\images\products\PD01.png,5,আজকে পেলাম প্রায় ৪ দিন পর। প্রোডাক্ট ভালো ছিল ১০০% recommended ,https://lzd-u.slatic.net/a4d20698b60b4ec8adedd9167d7c68e0_fa5e476f9ea444dbb3a05f3d870dc967.jpg,output_v2\images\reviews\RV13\img_01.jpg,True,,
RV14,PD01,Daraz,Hoco EQ24 Estrella Wireless BT Earbuds - Time Square,https://www.daraz.com.bd/products/hoco-eq24-estrella-wireless-bt-earbuds-time-square-i537147546-s2616333074.html,https://static-01.daraz.com.bd/p/f64ae08055ba4d65e3dc95f453e2d6a6.png,output_v2\images\products\PD01.png,5,Wow. Very nice. I love it. I am impressed by the quality. ,https://lzd-u.slatic.net/629e62dda8de4aac95a5100614f4e67b_12_1781644429.157698.jpg,output_v2\images\reviews\RV14\img_01.jpg,True,,
RV15,PD01,Daraz,Hoco EQ24 Estrella Wireless BT Earbuds - Time Square,https://www.daraz.com.bd/products/hoco-eq24-estrella-wireless-bt-earbuds-time-square-i537147546-s2616333074.html,https://static-01.daraz.com.bd/p/f64ae08055ba4d65e3dc95f453e2d6a6.png,output_v2\images\products\PD01.png,4,headphon ta vas valo quality a onik valo overall 8/10 ,https://lzd-u.slatic.net/d3d06c4a84fd48d9a4cf3be4fde8dd5e_beeec804f97b46608a13315ce5659644.jpg,output_v2\images\reviews\RV15\img_01.jpg,True,,
RV16,PD01,Daraz,Hoco EQ24 Estrella Wireless BT Earbuds - Time Square,https://www.daraz.com.bd/products/hoco-eq24-estrella-wireless-bt-earbuds-time-square-i537147546-s2616333074.html,https://static-01.daraz.com.bd/p/f64ae08055ba4d65e3dc95f453e2d6a6.png,output_v2\images\products\PD01.png,5,জিনিসটা খুব ভালো এবং চার্জ ও অনেক বেকআপ দেয় ,https://lzd-u.slatic.net/804b581a646d40aa865e12be04131aea_30bc008528c54cefb5027dc986555f86.jpg | https://lzd-u.slatic.net/804b581a646d40aa865e12be04131aea_7b515e259de849558f433809efccadda.jpg,output_v2\images\reviews\RV16\img_01.jpg | output_v2\images\reviews\RV16\img_02.jpg,True,,
RV17,PD01,Daraz,Hoco EQ24 Estrella Wireless BT Earbuds - Time Square,https://www.daraz.com.bd/products/hoco-eq24-estrella-wireless-bt-earbuds-time-square-i537147546-s2616333074.html,https://static-01.daraz.com.bd/p/f64ae08055ba4d65e3dc95f453e2d6a6.png,output_v2\images\products\PD01.png,5,specially charge backup ta onek balo chilo ,https://lzd-u.slatic.net/a707495c157a4940bb2409a3b92a3853_9ab9e607b1264d2dae5a909ac04e5741.jpg,output_v2\images\reviews\RV17\img_01.jpg,True,,
RV18,PD01,Daraz,Hoco EQ24 Estrella Wireless BT Earbuds - Time Square,https://www.daraz.com.bd/products/hoco-eq24-estrella-wireless-bt-earbuds-time-square-i537147546-s2616333074.html,https://static-01.daraz.com.bd/p/f64ae08055ba4d65e3dc95f453e2d6a6.png,output_v2\images\products\PD01.png,5, কেউ কিন্তে চাইলে কিন্তে পারে খুবই ভালো। ,https://lzd-u.slatic.net/acc31ed68c6a41f28be4f09afcff599a_871c217471f246c8b7e294b62a6bd9e1.jpg | https://lzd-u.slatic.net/acc31ed68c6a41f28be4f09afcff599a_d987de1bd3744776b35c32a67a5380c0.jpg,output_v2\images\reviews\RV18\img_01.jpg | output_v2\images\reviews\RV18\img_02.jpg,True,,
RV19,PD01,Daraz,Hoco EQ24 Estrella Wireless BT Earbuds - Time Square,https://www.daraz.com.bd/products/hoco-eq24-estrella-wireless-bt-earbuds-time-square-i537147546-s2616333074.html,https://static-01.daraz.com.bd/p/f64ae08055ba4d65e3dc95f453e2d6a6.png,output_v2\images\products\PD01.png,5,Best quality at this price 🩵🩵 ,https://lzd-u.slatic.net/4c642bb6df1541e995caa4cc1030e837_66783d79fad44612b0b03f138abec8d5.jpg,output_v2\images\reviews\RV19\img_01.jpg,True,,
RV20,PD01,Daraz,Hoco EQ24 Estrella Wireless BT Earbuds - Time Square,https://www.daraz.com.bd/products/hoco-eq24-estrella-wireless-bt-earbuds-time-square-i537147546-s2616333074.html,https://static-01.daraz.com.bd/p/f64ae08055ba4d65e3dc95f453e2d6a6.png,output_v2\images\products\PD01.png,5,"good price helpful product 
 ",https://lzd-u.slatic.net/52cff554325041878df24cbca74082bc_9cf16f8beef145a09ec6433da513bb1d.jpg,output_v2\images\reviews\RV20\img_01.jpg,True,,
RV21,PD01,Daraz,Hoco EQ24 Estrella Wireless BT Earbuds - Time Square,https://www.daraz.com.bd/products/hoco-eq24-estrella-wireless-bt-earbuds-time-square-i537147546-s2616333074.html,https://static-01.daraz.com.bd/p/f64ae08055ba4d65e3dc95f453e2d6a6.png,output_v2\images\products\PD01.png,5,Good product tnq ,https://lzd-u.slatic.net/2c4617f4d71a43f6aa5d2f680ebf893e_1_1771228697.069706.jpg | https://lzd-u.slatic.net/2c4617f4d71a43f6aa5d2f680ebf893e_2_1771228697.502884.jpg,output_v2\images\reviews\RV21\img_01.jpg | output_v2\images\reviews\RV21\img_02.jpg,True,,
RV22,PD01,Daraz,Hoco EQ24 Estrella Wireless BT Earbuds - Time Square,https://www.daraz.com.bd/products/hoco-eq24-estrella-wireless-bt-earbuds-time-square-i537147546-s2616333074.html,https://static-01.daraz.com.bd/p/f64ae08055ba4d65e3dc95f453e2d6a6.png,output_v2\images\products\PD01.png,5,good product  ,https://lzd-u.slatic.net/50a41c498bf04ce4a2b599110776033c_2f23c5e2e90643b4be4176e2995cdf5d.jpg,output_v2\images\reviews\RV22\img_01.jpg,True,,
RV23,PD01,Daraz,Hoco EQ24 Estrella Wireless BT Earbuds - Time Square,https://www.daraz.com.bd/products/hoco-eq24-estrella-wireless-bt-earbuds-time-square-i537147546-s2616333074.html,https://static-01.daraz.com.bd/p/f64ae08055ba4d65e3dc95f453e2d6a6.png,output_v2\images\products\PD01.png,5,good  ,https://lzd-u.slatic.net/04a4c0d111f94b0e8d4b867c1184bf73_479d549acfdb484c83f49da75525ceb5.jpg,output_v2\images\reviews\RV23\img_01.jpg,True,,
RV24,PD01,Daraz,Hoco EQ24 Estrella Wireless BT Earbuds - Time Square,https://www.daraz.com.bd/products/hoco-eq24-estrella-wireless-bt-earbuds-time-square-i537147546-s2616333074.html,https://static-01.daraz.com.bd/p/f64ae08055ba4d65e3dc95f453e2d6a6.png,output_v2\images\products\PD01.png,5,quality valo ... original jinis a paaci....Delivery tara tari paaci....sound quality valo but full sound a bahire sound jay  ,,,True,,
RV25,PD01,Daraz,Hoco EQ24 Estrella Wireless BT Earbuds - Time Square,https://www.daraz.com.bd/products/hoco-eq24-estrella-wireless-bt-earbuds-time-square-i537147546-s2616333074.html,https://static-01.daraz.com.bd/p/f64ae08055ba4d65e3dc95f453e2d6a6.png,output_v2\images\products\PD01.png,5,প্রায় ১৫ দিন ব্যবহার করেছি। আমার ওরাইমোর আরেকটা ইয়ারবাডস আছে। সার্ভিসের দিকে তেমন কোনো পার্থক্য নেই। এই ইয়ারবাডসটি এই প্রাইজে বেস্ট ডিল। তবে কেউ যদি ২-৩-৪ হাজারের ইয়ারবাডের সাথে তুলনা দিতে চান তাহলে ভুল। তবে এই বাজেটে বেস্ট ডিল। চোখ অফ করে নিতে পারেন। উপরের মেট ফিনিশের  লুকটা প্রিমিয়াম বুঝা যায়। সাউন্ড কোয়ালিটি ভালো।  ,,,True,,
RV26,PD01,Daraz,Hoco EQ24 Estrella Wireless BT Earbuds - Time Square,https://www.daraz.com.bd/products/hoco-eq24-estrella-wireless-bt-earbuds-time-square-i537147546-s2616333074.html,https://static-01.daraz.com.bd/p/f64ae08055ba4d65e3dc95f453e2d6a6.png,output_v2\images\products\PD01.png,5,Alhamdulillah onek vlo at this price range aage o akta cilo abar order korlam aita amar ammur jonno Ami Qcy Melobuds Pro use kori 🖤🔥 ,,,True,,
RV27,PD01,Daraz,Hoco EQ24 Estrella Wireless BT Earbuds - Time Square,https://www.daraz.com.bd/products/hoco-eq24-estrella-wireless-bt-earbuds-time-square-i537147546-s2616333074.html,https://static-01.daraz.com.bd/p/f64ae08055ba4d65e3dc95f453e2d6a6.png,output_v2\images\products\PD01.png,5,খুবই ভালো একটি প্রোডাক্ট আমি দুই মাস ব্যবহার করে রিভিউ দিচ্ছি এক চার্জে আমার ১০ থেকে ১৫ দিন  দিন যায়।  ,,,True,,
RV28,PD01,Daraz,Hoco EQ24 Estrella Wireless BT Earbuds - Time Square,https://www.daraz.com.bd/products/hoco-eq24-estrella-wireless-bt-earbuds-time-square-i537147546-s2616333074.html,https://static-01.daraz.com.bd/p/f64ae08055ba4d65e3dc95f453e2d6a6.png,output_v2\images\products\PD01.png,5,ki bolbo Shudu bolbo mathai nosto ai tk moddhe ato valo jinis ,,,True,,
RV29,PD01,Daraz,Hoco EQ24 Estrella Wireless BT Earbuds - Time Square,https://www.daraz.com.bd/products/hoco-eq24-estrella-wireless-bt-earbuds-time-square-i537147546-s2616333074.html,https://static-01.daraz.com.bd/p/f64ae08055ba4d65e3dc95f453e2d6a6.png,output_v2\images\products\PD01.png,5,One of the best earbuds I tried. Definitely recommended 👍🏻 ,,,True,,
RV30,PD01,Daraz,Hoco EQ24 Estrella Wireless BT Earbuds - Time Square,https://www.daraz.com.bd/products/hoco-eq24-estrella-wireless-bt-earbuds-time-square-i537147546-s2616333074.html,https://static-01.daraz.com.bd/p/f64ae08055ba4d65e3dc95f453e2d6a6.png,output_v2\images\products\PD01.png,5,it's pretty good!! been using it for a day nd it's not bad ,,,True,,
RV31,PD01,Daraz,Hoco EQ24 Estrella Wireless BT Earbuds - Time Square,https://www.daraz.com.bd/products/hoco-eq24-estrella-wireless-bt-earbuds-time-square-i537147546-s2616333074.html,https://static-01.daraz.com.bd/p/f64ae08055ba4d65e3dc95f453e2d6a6.png,output_v2\images\products\PD01.png,5,"one of the best in this pricerange
100% recommended  ",,,True,,
RV32,PD01,Daraz,Hoco EQ24 Estrella Wireless BT Earbuds - Time Square,https://www.daraz.com.bd/products/hoco-eq24-estrella-wireless-bt-earbuds-time-square-i537147546-s2616333074.html,https://static-01.daraz.com.bd/p/f64ae08055ba4d65e3dc95f453e2d6a6.png,output_v2\images\products\PD01.png,5,"good sound quality, good enough charge backup ",,,True,,
RV33,PD01,Daraz,Hoco EQ24 Estrella Wireless BT Earbuds - Time Square,https://www.daraz.com.bd/products/hoco-eq24-estrella-wireless-bt-earbuds-time-square-i537147546-s2616333074.html,https://static-01.daraz.com.bd/p/f64ae08055ba4d65e3dc95f453e2d6a6.png,output_v2\images\products\PD01.png,5,khub Valo product sound quality onak Valo .. ,,,True,,
RV34,PD01,Daraz,Hoco EQ24 Estrella Wireless BT Earbuds - Time Square,https://www.daraz.com.bd/products/hoco-eq24-estrella-wireless-bt-earbuds-time-square-i537147546-s2616333074.html,https://static-01.daraz.com.bd/p/f64ae08055ba4d65e3dc95f453e2d6a6.png,output_v2\images\products\PD01.png,5,খুব ভালো এইটা ভালো দেখে আমি আর একটা নিতাছি ,,,True,,
RV35,PD01,Daraz,Hoco EQ24 Estrella Wireless BT Earbuds - Time Square,https://www.daraz.com.bd/products/hoco-eq24-estrella-wireless-bt-earbuds-time-square-i537147546-s2616333074.html,https://static-01.daraz.com.bd/p/f64ae08055ba4d65e3dc95f453e2d6a6.png,output_v2\images\products\PD01.png,1,"প্রোডাক্টি হাতে পেয়েই দেখি এক কান নষ্ট। 
 ",https://lzd-u.slatic.net/38c05f3b5692460baf8223f081a1fe44_311291ca4b414389ba9f2e1af7fb5a6e.jpg | https://lzd-u.slatic.net/38c05f3b5692460baf8223f081a1fe44_7719f614e5d04537a11ba5353b599cf6.jpg | https://lzd-u.slatic.net/38c05f3b5692460baf8223f081a1fe44_b45b22d668664672b4040ba39c79c0d9.jpg | https://lzd-u.slatic.net/38c05f3b5692460baf8223f081a1fe44_54edcc4ebc0d40de88b87156b2d8a605.jpg | https://lzd-u.slatic.net/38c05f3b5692460baf8223f081a1fe44_ab74de2977dc4729bdd8de80cd2d8b5d.jpg,output_v2\images\reviews\RV35\img_01.jpg | output_v2\images\reviews\RV35\img_02.jpg | output_v2\images\reviews\RV35\img_03.jpg | output_v2\images\reviews\RV35\img_04.jpg | output_v2\images\reviews\RV35\img_05.jpg,True,,
RV36,PD01,Daraz,Hoco EQ24 Estrella Wireless BT Earbuds - Time Square,https://www.daraz.com.bd/products/hoco-eq24-estrella-wireless-bt-earbuds-time-square-i537147546-s2616333074.html,https://static-01.daraz.com.bd/p/f64ae08055ba4d65e3dc95f453e2d6a6.png,output_v2\images\products\PD01.png,5,এটা নিয়ে আমি দুইটা ব্যবেহার করতাছি ,,,True,,
RV37,PD01,Daraz,Hoco EQ24 Estrella Wireless BT Earbuds - Time Square,https://www.daraz.com.bd/products/hoco-eq24-estrella-wireless-bt-earbuds-time-square-i537147546-s2616333074.html,https://static-01.daraz.com.bd/p/f64ae08055ba4d65e3dc95f453e2d6a6.png,output_v2\images\products\PD01.png,5,আছে মোটামুটি দাম হিসেবে খারাপ না ,,,True,,
RV38,PD01,Daraz,Hoco EQ24 Estrella Wireless BT Earbuds - Time Square,https://www.daraz.com.bd/products/hoco-eq24-estrella-wireless-bt-earbuds-time-square-i537147546-s2616333074.html,https://static-01.daraz.com.bd/p/f64ae08055ba4d65e3dc95f453e2d6a6.png,output_v2\images\products\PD01.png,5,product quality 100000% good 😊 ,,,True,,
RV39,PD01,Daraz,Hoco EQ24 Estrella Wireless BT Earbuds - Time Square,https://www.daraz.com.bd/products/hoco-eq24-estrella-wireless-bt-earbuds-time-square-i537147546-s2616333074.html,https://static-01.daraz.com.bd/p/f64ae08055ba4d65e3dc95f453e2d6a6.png,output_v2\images\products\PD01.png,5,it is premium and authentic  ,,,True,,
RV40,PD01,Daraz,Hoco EQ24 Estrella Wireless BT Earbuds - Time Square,https://www.daraz.com.bd/products/hoco-eq24-estrella-wireless-bt-earbuds-time-square-i537147546-s2616333074.html,https://static-01.daraz.com.bd/p/f64ae08055ba4d65e3dc95f453e2d6a6.png,output_v2\images\products\PD01.png,5,sound quality is good ,,,True,,
RV41,PD01,Daraz,Hoco EQ24 Estrella Wireless BT Earbuds - Time Square,https://www.daraz.com.bd/products/hoco-eq24-estrella-wireless-bt-earbuds-time-square-i537147546-s2616333074.html,https://static-01.daraz.com.bd/p/f64ae08055ba4d65e3dc95f453e2d6a6.png,output_v2\images\products\PD01.png,5,very nice headphone ,,,True,,
RV42,PD01,Daraz,Hoco EQ24 Estrella Wireless BT Earbuds - Time Square,https://www.daraz.com.bd/products/hoco-eq24-estrella-wireless-bt-earbuds-time-square-i537147546-s2616333074.html,https://static-01.daraz.com.bd/p/f64ae08055ba4d65e3dc95f453e2d6a6.png,output_v2\images\products\PD01.png,5,আলহামদুলিল্লাহ  ,,,True,,
RV43,PD01,Daraz,Hoco EQ24 Estrella Wireless BT Earbuds - Time Square,https://www.daraz.com.bd/products/hoco-eq24-estrella-wireless-bt-earbuds-time-square-i537147546-s2616333074.html,https://static-01.daraz.com.bd/p/f64ae08055ba4d65e3dc95f453e2d6a6.png,output_v2\images\products\PD01.png,5,good product 👍 ,,,True,,
RV44,PD01,Daraz,Hoco EQ24 Estrella Wireless BT Earbuds - Time Square,https://www.daraz.com.bd/products/hoco-eq24-estrella-wireless-bt-earbuds-time-square-i537147546-s2616333074.html,https://static-01.daraz.com.bd/p/f64ae08055ba4d65e3dc95f453e2d6a6.png,output_v2\images\products\PD01.png,4,same to same  ,,,True,,
RV45,PD01,Daraz,Hoco EQ24 Estrella Wireless BT Earbuds - Time Square,https://www.daraz.com.bd/products/hoco-eq24-estrella-wireless-bt-earbuds-time-square-i537147546-s2616333074.html,https://static-01.daraz.com.bd/p/f64ae08055ba4d65e3dc95f453e2d6a6.png,output_v2\images\products\PD01.png,5,great quality ,,,True,,
RV46,PD01,Daraz,Hoco EQ24 Estrella Wireless BT Earbuds - Time Square,https://www.daraz.com.bd/products/hoco-eq24-estrella-wireless-bt-earbuds-time-square-i537147546-s2616333074.html,https://static-01.daraz.com.bd/p/f64ae08055ba4d65e3dc95f453e2d6a6.png,output_v2\images\products\PD01.png,5,good quality ,,,True,,
RV47,PD01,Daraz,Hoco EQ24 Estrella Wireless BT Earbuds - Time Square,https://www.daraz.com.bd/products/hoco-eq24-estrella-wireless-bt-earbuds-time-square-i537147546-s2616333074.html,https://static-01.daraz.com.bd/p/f64ae08055ba4d65e3dc95f453e2d6a6.png,output_v2\images\products\PD01.png,5,love it❤️ ,,,True,,
RV48,PD01,Daraz,Hoco EQ24 Estrella Wireless BT Earbuds - Time Square,https://www.daraz.com.bd/products/hoco-eq24-estrella-wireless-bt-earbuds-time-square-i537147546-s2616333074.html,https://static-01.daraz.com.bd/p/f64ae08055ba4d65e3dc95f453e2d6a6.png,output_v2\images\products\PD01.png,5,good  ,,,True,,
RV49,PD01,Daraz,Hoco EQ24 Estrella Wireless BT Earbuds - Time Square,https://www.daraz.com.bd/products/hoco-eq24-estrella-wireless-bt-earbuds-time-square-i537147546-s2616333074.html,https://static-01.daraz.com.bd/p/f64ae08055ba4d65e3dc95f453e2d6a6.png,output_v2\images\products\PD01.png,5,good ,,,True,,
RV50,PD01,Daraz,Hoco EQ24 Estrella Wireless BT Earbuds - Time Square,https://www.daraz.com.bd/products/hoco-eq24-estrella-wireless-bt-earbuds-time-square-i537147546-s2616333074.html,https://static-01.daraz.com.bd/p/f64ae08055ba4d65e3dc95f453e2d6a6.png,output_v2\images\products\PD01.png,5,Perfect  ,,,True,,
RV51,PD01,Daraz,Hoco EQ24 Estrella Wireless BT Earbuds - Time Square,https://www.daraz.com.bd/products/hoco-eq24-estrella-wireless-bt-earbuds-time-square-i537147546-s2616333074.html,https://static-01.daraz.com.bd/p/f64ae08055ba4d65e3dc95f453e2d6a6.png,output_v2\images\products\PD01.png,5,10/10 😍 ,,,True,,
RV52,PD01,Daraz,Hoco EQ24 Estrella Wireless BT Earbuds - Time Square,https://www.daraz.com.bd/products/hoco-eq24-estrella-wireless-bt-earbuds-time-square-i537147546-s2616333074.html,https://static-01.daraz.com.bd/p/f64ae08055ba4d65e3dc95f453e2d6a6.png,output_v2\images\products\PD01.png,5,great  ,,,True,,
RV53,PD01,Daraz,Hoco EQ24 Estrella Wireless BT Earbuds - Time Square,https://www.daraz.com.bd/products/hoco-eq24-estrella-wireless-bt-earbuds-time-square-i537147546-s2616333074.html,https://static-01.daraz.com.bd/p/f64ae08055ba4d65e3dc95f453e2d6a6.png,output_v2\images\products\PD01.png,3,"Got it before the projected date , so that's nice. The buds are nice except the silver or aluminum-ish looking portion it feels premium. not sure if it's only my unit but it sometimes loses connection in one or both ears ae in they stop playing not disconnect from phone / laptop. so that's annoying but otherwise it's pretty good for around 800 BDT. With moderate sound you almost get more battery life than the advertised it feels like. Could be my imagination but pretty impressed coming from Awei T13 (in 2020 I think). ",,,True,,
RV54,PD01,Daraz,Hoco EQ24 Estrella Wireless BT Earbuds - Time Square,https://www.daraz.com.bd/products/hoco-eq24-estrella-wireless-bt-earbuds-time-square-i537147546-s2616333074.html,https://static-01.daraz.com.bd/p/f64ae08055ba4d65e3dc95f453e2d6a6.png,output_v2\images\products\PD01.png,1,"app support nai ,,, ar full volume a sound destabilize hoi jai ",,,True,,
RV55,PD02,Daraz,33W Quick Charger Type-C for Xiaomi/vivo/realme/oppo/Samsung/Redmi,https://www.daraz.com.bd/products/mivivorealmeopposamsungredmi-33w-c-i415393999-s2329381582.html,https://bd-live-21.slatic.net/kf/S2c0af0f9242b468ba0310c11c520c3b9U.jpg,output_v2\images\products\PD02.jpg,5,"Rcvd very fast, thanks seller.
কিছুখন আগে হাতে পেয়েছি। প্যাকেজিং ভালো ছিল।
মনে হয় ভালো হবে।যেমনটা দেখেছিলাম তেমনি পেয়েছি। 
যার প্রয়োজন নিতে পারেন।  ",https://lzd-u.slatic.net/926ad5f4656043df9a9d2652f703e247_c7a96ec1fb8940548f9f9d9b2fde90d9.jpg | https://lzd-u.slatic.net/926ad5f4656043df9a9d2652f703e247_df86010bf11547cd9301390de4a40c31.jpg,output_v2\images\reviews\RV55\img_01.jpg | output_v2\images\reviews\RV55\img_02.jpg,True,,
RV56,PD02,Daraz,33W Quick Charger Type-C for Xiaomi/vivo/realme/oppo/Samsung/Redmi,https://www.daraz.com.bd/products/mivivorealmeopposamsungredmi-33w-c-i415393999-s2329381582.html,https://bd-live-21.slatic.net/kf/S2c0af0f9242b468ba0310c11c520c3b9U.jpg,output_v2\images\products\PD02.jpg,5,"Alhamdulillah 
Received in good condition 
Original Realme Dart Charger
Charges quickly 
Thank you Daraz & Seller ",https://lzd-u.slatic.net/a5726b143958438c893d2787e021214c_037839fbefd64710bedd215f99ba6b62.jpg | https://lzd-u.slatic.net/06c5cf69c92940edb38ee726282ce314_9d420547d4b84ba6963370339db9dec4.jpg,output_v2\images\reviews\RV56\img_01.jpg | output_v2\images\reviews\RV56\img_02.jpg,True,,
RV57,PD02,Daraz,33W Quick Charger Type-C for Xiaomi/vivo/realme/oppo/Samsung/Redmi,https://www.daraz.com.bd/products/mivivorealmeopposamsungredmi-33w-c-i415393999-s2329381582.html,https://bd-live-21.slatic.net/kf/S2c0af0f9242b468ba0310c11c520c3b9U.jpg,output_v2\images\products\PD02.jpg,5,আলহামদুলিল্লাহ যেরকম চেয়েছি তেমনি পেয়েছি...চাইলে আপনারও নিতে পারেন.... সেইলারকে অনেক অসংখ্য ধন্যবাদ... 🥰 ,https://lzd-u.slatic.net/93e23d3a809a49b9812b0c8a498ba16d_13b1ee801ebc4e9f9e587e0ecbf9cd5c.jpg,output_v2\images\reviews\RV57\img_01.jpg,True,,
RV58,PD02,Daraz,33W Quick Charger Type-C for Xiaomi/vivo/realme/oppo/Samsung/Redmi,https://www.daraz.com.bd/products/mivivorealmeopposamsungredmi-33w-c-i415393999-s2329381582.html,https://bd-live-21.slatic.net/kf/S2c0af0f9242b468ba0310c11c520c3b9U.jpg,output_v2\images\products\PD02.jpg,5,"সবকিছু ঠিক আছে কিন্তু একটা সমস্যা হচ্ছে চার্জার গরম হয়ে যায়।
আমি নতুন অবস্থায় প্রথমবার চার্জ দিয়েছি কিন্তু গরম হয়ে যায়। এমনিতে চার্জ ভালো হয় আর দেখতেও ভালোই। 

এখন চিন্তা করতেছি প্রথম অবস্থায় যদি এমন গরম হয়ে যায় তাহলে কতোদিন টিকতে পারে চার্জার টা? ",https://lzd-u.slatic.net/fe5433749f974ec6a9f48691f14010eb_97cb059392ee4d78865b8bd36169c0c2.jpg,output_v2\images\reviews\RV58\img_01.jpg,True,,
RV59,PD02,Daraz,33W Quick Charger Type-C for Xiaomi/vivo/realme/oppo/Samsung/Redmi,https://www.daraz.com.bd/products/mivivorealmeopposamsungredmi-33w-c-i415393999-s2329381582.html,https://bd-live-21.slatic.net/kf/S2c0af0f9242b468ba0310c11c520c3b9U.jpg,output_v2\images\products\PD02.jpg,5,"আলহামদুলিল্লাহ যা আশা করেছি তার থেকে অনেক ভালো পেয়েছি 😊 
SuperVooc সাপোর্ট করে
Recommended, সবাই নিতে পারেন ,ভালোবাসা রইলো আপনাদের জন্য 🤍🤍🤍 ",https://lzd-u.slatic.net/1f6650e4aeb64ed686e3b7bf5ea1fa46_d7572412aac947a19a94a5723ea80097.jpg | https://lzd-u.slatic.net/50d24c085acd42789230bb44e5e0242a_cb7f69295f874d19b78c7401dbbbc6a2.jpg,output_v2\images\reviews\RV59\img_01.jpg | output_v2\images\reviews\RV59\img_02.jpg,True,,
RV60,PD02,Daraz,33W Quick Charger Type-C for Xiaomi/vivo/realme/oppo/Samsung/Redmi,https://www.daraz.com.bd/products/mivivorealmeopposamsungredmi-33w-c-i415393999-s2329381582.html,https://bd-live-21.slatic.net/kf/S2c0af0f9242b468ba0310c11c520c3b9U.jpg,output_v2\images\products\PD02.jpg,5,"আলহামদুলিল্লাহ প্রোডাক্টের দাম অনুসারে পন্য ঠিক আছে ব্যবহার করে দেখি কতদিন টিকবে সেলসম্যান এর ব্যবহার অনেক সুন্দর হয়েছে ধন্যবাদ 
 ",https://lzd-u.slatic.net/14d8ebc7279c45e9814164f3a384efe1_bc44aeb7a91748c2a52d9059a3f98609.jpg | https://lzd-u.slatic.net/14d8ebc7279c45e9814164f3a384efe1_ad48375ae67a41eea84017144d2b97ca.jpg,output_v2\images\reviews\RV60\img_01.jpg | output_v2\images\reviews\RV60\img_02.jpg,True,,
RV61,PD02,Daraz,33W Quick Charger Type-C for Xiaomi/vivo/realme/oppo/Samsung/Redmi,https://www.daraz.com.bd/products/mivivorealmeopposamsungredmi-33w-c-i415393999-s2329381582.html,https://bd-live-21.slatic.net/kf/S2c0af0f9242b468ba0310c11c520c3b9U.jpg,output_v2\images\products\PD02.jpg,5,"এইটা চাইলে নিতে পারেন মুটা মুটি ভালো আছে 🥰
তবে ৩৩w দেখালেও মনে হয় আরও কম কারণ ১৮ w চার্জার দিয়ে আমার ফোন ৩/ ঘন্টা লাগে চার্জ হতে এই টাও ২/৩ ঘন্টা লাগে দেখি আর কিছু দিন ব্যবহার করে  ",https://lzd-u.slatic.net/f2f6a728ce25492f8580f0686b1f7bdd_eedd971815734e1fb11d2fb54c60595c.jpg,output_v2\images\reviews\RV61\img_01.jpg,True,,
RV62,PD02,Daraz,33W Quick Charger Type-C for Xiaomi/vivo/realme/oppo/Samsung/Redmi,https://www.daraz.com.bd/products/mivivorealmeopposamsungredmi-33w-c-i415393999-s2329381582.html,https://bd-live-21.slatic.net/kf/S2c0af0f9242b468ba0310c11c520c3b9U.jpg,output_v2\images\products\PD02.jpg,5,"এডাপ্টার ঠিক আছে কিন্তু কেবল দিয়ে মোটেও চার্জ নেয় না নষ্ট খারাপ কেবল দিয়েছে আমাকে 😑😑
সেলার এটা মোটেও ভালো হয় নাই রিটার্ন করার চিন্তা করছি।  ",https://lzd-u.slatic.net/fa90e735cdd349d28d25895b7f66482d_c8d18cf2c56048e1b0ed8c246ad88ca5.jpg | https://lzd-u.slatic.net/11fbbf35be8f4ea28529820e3f2d4f25_1e5f019e506048fa8852a48a7b5e7749.jpg,output_v2\images\reviews\RV62\img_01.jpg | output_v2\images\reviews\RV62\img_02.jpg,True,,
RV63,PD02,Daraz,33W Quick Charger Type-C for Xiaomi/vivo/realme/oppo/Samsung/Redmi,https://www.daraz.com.bd/products/mivivorealmeopposamsungredmi-33w-c-i415393999-s2329381582.html,https://bd-live-21.slatic.net/kf/S2c0af0f9242b468ba0310c11c520c3b9U.jpg,output_v2\images\products\PD02.jpg,5,"আলহামদুলিল্লাহ খুব ভালো , যেমনটা চেয়েছি তেমনটা পেয়েছি,আপনার চাইলে নিতে পারেন,
 সেলার ভাইকে  ধন্যবাদ ",https://lzd-u.slatic.net/f44f4c63b51840ca899132129447f53d_6f0a5f47a6a24061a789c6303bb0eb94.jpg | https://lzd-u.slatic.net/7097750cf99c4161b3412db39b402edb_755762c114ac420789c30ff1d9f8357d.jpg,output_v2\images\reviews\RV63\img_01.jpg | output_v2\images\reviews\RV63\img_02.jpg,True,,
RV64,PD02,Daraz,33W Quick Charger Type-C for Xiaomi/vivo/realme/oppo/Samsung/Redmi,https://www.daraz.com.bd/products/mivivorealmeopposamsungredmi-33w-c-i415393999-s2329381582.html,https://bd-live-21.slatic.net/kf/S2c0af0f9242b468ba0310c11c520c3b9U.jpg,output_v2\images\products\PD02.jpg,5,আজই পেলাম হাতে। অনেক সুন্দর হয়েছে।  অনেক উন্নত মানের চার্জিং ক্যাবল মনে হচ্ছে এখন দেখা যাক ব্যবহার করে। পড়ে আরও বেশি কথা দিয়ে রিভিউ দিবো।  ,https://lzd-u.slatic.net/820fe38d51b14c279536a850715a8b73_22fae9628ea940f996350025b291034c.jpg | https://lzd-u.slatic.net/75d74e7191f543189b1d706c7863a463_f24036f5ac88477b9661cbc26cf7af1f.jpg | https://lzd-u.slatic.net/75d74e7191f543189b1d706c7863a463_21d4fb52bd26483a931c66250031ff76.jpg | https://lzd-u.slatic.net/75d74e7191f543189b1d706c7863a463_04a5cf9c1bf94f20ad868b476a5f4077.jpg | https://lzd-u.slatic.net/75d74e7191f543189b1d706c7863a463_6697a5942e634f48b0538aed11dc14aa.jpg,output_v2\images\reviews\RV64\img_01.jpg | output_v2\images\reviews\RV64\img_02.jpg | output_v2\images\reviews\RV64\img_03.jpg | output_v2\images\reviews\RV64\img_04.jpg | output_v2\images\reviews\RV64\img_05.jpg,True,,
RV65,PD02,Daraz,33W Quick Charger Type-C for Xiaomi/vivo/realme/oppo/Samsung/Redmi,https://www.daraz.com.bd/products/mivivorealmeopposamsungredmi-33w-c-i415393999-s2329381582.html,https://bd-live-21.slatic.net/kf/S2c0af0f9242b468ba0310c11c520c3b9U.jpg,output_v2\images\products\PD02.jpg,5,"আজকে ১০ দিন হলো চার্জ দিতেছি, অনেক সুন্দর 🥰
কম টাকায় এতো সুন্দর প্রোডাক্ট দেয়ার জন্য ধন্যবাদ আপনাদেরকে👍🥰 ",https://lzd-u.slatic.net/466dad040c464f898d4c9bd388ad6223_ea9f8c0d055c4c4d9809d1b1889637fb.jpg,output_v2\images\reviews\RV65\img_01.jpg,True,,
RV66,PD02,Daraz,33W Quick Charger Type-C for Xiaomi/vivo/realme/oppo/Samsung/Redmi,https://www.daraz.com.bd/products/mivivorealmeopposamsungredmi-33w-c-i415393999-s2329381582.html,https://bd-live-21.slatic.net/kf/S2c0af0f9242b468ba0310c11c520c3b9U.jpg,output_v2\images\products\PD02.jpg,5,"Khub Bhalo hoise charge bhaloi hoise Ami test korar por bollam Ami eta 10/9dibo taka ektu high lagse r Baki shob Bhalo dilevery o fast onek 

apnra chaile nite paren♥️ ",https://lzd-u.slatic.net/334c29892a3e4d5ea86a8fac89df731a_41e69dc81aed4863bd736092ec41e995.jpg,output_v2\images\reviews\RV66\img_01.jpg,True,,
RV67,PD02,Daraz,33W Quick Charger Type-C for Xiaomi/vivo/realme/oppo/Samsung/Redmi,https://www.daraz.com.bd/products/mivivorealmeopposamsungredmi-33w-c-i415393999-s2329381582.html,https://bd-live-21.slatic.net/kf/S2c0af0f9242b468ba0310c11c520c3b9U.jpg,output_v2\images\products\PD02.jpg,5,"প্রডাক্ট টি অনেক ভাল,ব্যবহার এর পর রিভিউ দিচ্ছি,আর সেলার ও অনেক ভাল,তবে প্যাকেজিং টা আরো ভালো হলে ভাল হত। ",https://lzd-u.slatic.net/da97cc5466e749ca90324909dd2a0881_bc168c8bf9e04a1eb8c66a07e18b925a.jpg,output_v2\images\reviews\RV67\img_01.jpg,True,,
RV68,PD02,Daraz,33W Quick Charger Type-C for Xiaomi/vivo/realme/oppo/Samsung/Redmi,https://www.daraz.com.bd/products/mivivorealmeopposamsungredmi-33w-c-i415393999-s2329381582.html,https://bd-live-21.slatic.net/kf/S2c0af0f9242b468ba0310c11c520c3b9U.jpg,output_v2\images\products\PD02.jpg,5,কোয়ালিটি দেখে মনে হচ্ছে মটোরোলার অরিজিনাল চার্জার। কিন্তু সাথে দেয়া ক্যাবল টা একেবারেই যাচ্ছেতা কোনো কাজের না। অবশেষে আমার পুরোনো ক্যাবলের উপরই ভরসা করতে হলো। আবারও বলছি চার্জার টা দেখে আসল ই মনে হচ্ছে ক্যাবল টা নতুন কিন্তু লোকাল অরিজিনাল টা না চাইলে সবাই নিতে পারেন। ,https://lzd-u.slatic.net/446ce31c31064998ba69118c28b49242_62490d35f43c4d8da4c0213c55017ec8.jpg | https://lzd-u.slatic.net/630d7c15c71946b7be73928cebcfbaf3_01e6d57fbbb9472a895652dd5d3f0018.jpg,output_v2\images\reviews\RV68\img_01.jpg | output_v2\images\reviews\RV68\img_02.jpg,True,,
RV69,PD02,Daraz,33W Quick Charger Type-C for Xiaomi/vivo/realme/oppo/Samsung/Redmi,https://www.daraz.com.bd/products/mivivorealmeopposamsungredmi-33w-c-i415393999-s2329381582.html,https://bd-live-21.slatic.net/kf/S2c0af0f9242b468ba0310c11c520c3b9U.jpg,output_v2\images\products\PD02.jpg,5,redmi note 12 5g ফোনের জন্য নিয়েছি কিন্তু খুব একটা ভালো না মোটামুটি চলে স্পিড কম আস্তে আস্তে চার্জ হয় ,https://lzd-u.slatic.net/ca1c5632cf8545a7b84da29fb00ee3eb_33e9709f398745d9bd6474cd1bd8043c.jpg,output_v2\images\reviews\RV69\img_01.jpg,True,,
RV70,PD02,Daraz,33W Quick Charger Type-C for Xiaomi/vivo/realme/oppo/Samsung/Redmi,https://www.daraz.com.bd/products/mivivorealmeopposamsungredmi-33w-c-i415393999-s2329381582.html,https://bd-live-21.slatic.net/kf/S2c0af0f9242b468ba0310c11c520c3b9U.jpg,output_v2\images\products\PD02.jpg,5,"Product Alhamdulillah valo!💜
8 din holo use kortesi.
Realme Supervooc Dart original charger'er motoi kaj kore.
But 80-100% hoite ektu beshi time lage. ",https://lzd-u.slatic.net/647da2a1a22d4a3386cab0b56dd19207_80bc3579b4c24a8ab3322ca2f6b2a15d.jpg,output_v2\images\reviews\RV70\img_01.jpg,True,,
RV71,PD02,Daraz,33W Quick Charger Type-C for Xiaomi/vivo/realme/oppo/Samsung/Redmi,https://www.daraz.com.bd/products/mivivorealmeopposamsungredmi-33w-c-i415393999-s2329381582.html,https://bd-live-21.slatic.net/kf/S2c0af0f9242b468ba0310c11c520c3b9U.jpg,output_v2\images\products\PD02.jpg,5,"২ দিন ব্যাবহার করে রিভিউ দিচ্ছি,  যেমন বলেছে ঠিক তেমনেই, ফাষ্ট চার্জার এতো কম দামে পাবো ভাবতেও পারিনি, ধন্যবাদ সেলার ভাইকে ❤️ ",https://lzd-u.slatic.net/c6f881ad6bff4ec8932baf575e087740_45b650f08657496f8a0fb39a18240b46.jpg,output_v2\images\reviews\RV71\img_01.jpg,True,,
RV72,PD02,Daraz,33W Quick Charger Type-C for Xiaomi/vivo/realme/oppo/Samsung/Redmi,https://www.daraz.com.bd/products/mivivorealmeopposamsungredmi-33w-c-i415393999-s2329381582.html,https://bd-live-21.slatic.net/kf/S2c0af0f9242b468ba0310c11c520c3b9U.jpg,output_v2\images\products\PD02.jpg,5,চার্জারটা আমি ঠিক যেমন দেখেছি ঠিক তেমনি হাতে পেয়েছি। বলতে পারেন চার্জার টি পুরাই অসাধারণ। আরো বেশি ভালো লেগেছে প্যাকেজিং এ একটি কথা। ধন্যবাদ ভাই এইভাবে আপনারা আমাদের পাশে থাকলে আমরাও আপনাদের সাথে থাকবো। 🥰🥰🥰 ,https://lzd-u.slatic.net/1ffa744135ca45688094a0b172bd9680_c2b5ee93ace94a34877be074a782caac.jpg | https://lzd-u.slatic.net/96a6a48460394e4ca7bd1388f8fe190c_01d28de19a2b41ddba264b4e5aae5406.jpg | https://lzd-u.slatic.net/96a6a48460394e4ca7bd1388f8fe190c_ee027f3a0401417fa5dd79594756758d.jpg | https://lzd-u.slatic.net/96a6a48460394e4ca7bd1388f8fe190c_d28a907260a441e5a1c31048ca50ea8b.jpg | https://lzd-u.slatic.net/96a6a48460394e4ca7bd1388f8fe190c_8c383d75198c4d5c8abd42e7a1f0101f.jpg | https://lzd-u.slatic.net/96a6a48460394e4ca7bd1388f8fe190c_3eb00769f6c54718956eb7e32ff45544.jpg,output_v2\images\reviews\RV72\img_01.jpg | output_v2\images\reviews\RV72\img_02.jpg | output_v2\images\reviews\RV72\img_03.jpg | output_v2\images\reviews\RV72\img_04.jpg | output_v2\images\reviews\RV72\img_05.jpg | output_v2\images\reviews\RV72\img_06.jpg,True,,
RV73,PD02,Daraz,33W Quick Charger Type-C for Xiaomi/vivo/realme/oppo/Samsung/Redmi,https://www.daraz.com.bd/products/mivivorealmeopposamsungredmi-33w-c-i415393999-s2329381582.html,https://bd-live-21.slatic.net/kf/S2c0af0f9242b468ba0310c11c520c3b9U.jpg,output_v2\images\products\PD02.jpg,5,আলহামদুলিল্লাহ প্রডাক্ট টি হাতে পেলাম ঠিক যেমন চেয়েছিলাম তেমনি পেয়েছি ধন্যবাদ জানাই সেলার কে চাইলে আপনারাও নিতে পারেন ১ ঘন্টা ১৫ মিনিটে ২০% থেকে ৬৫ % চার্জ হইছে মোবাইলের সাথের যে চার্জার আছে সেটা দিয়ে এক ঘন্টায় ১০০% চার্জ হয়  ,https://lzd-u.slatic.net/bf8d2252c0d644f08993d1a9b42babdc_4bde5f1ebac9422ebafd92eb7765bf27.jpg,output_v2\images\reviews\RV73\img_01.jpg,True,,
RV74,PD02,Daraz,33W Quick Charger Type-C for Xiaomi/vivo/realme/oppo/Samsung/Redmi,https://www.daraz.com.bd/products/mivivorealmeopposamsungredmi-33w-c-i415393999-s2329381582.html,https://bd-live-21.slatic.net/kf/S2c0af0f9242b468ba0310c11c520c3b9U.jpg,output_v2\images\products\PD02.jpg,5,"যেমন চেয়েছি তেমন পেয়েছি। চার্জারে কোয়ালিটি খুবই ভালো মানের। দ্রুত চার্জ হচ্ছে। আশা করি ভালই সার্ভিস দিবে। সেলারকে ধন্যবাদ , 🥰🥰♥️💚 ",https://lzd-u.slatic.net/0cf45255bf8b4086921b2fede327168d_b6a4990fdedd4f21bccf30f28a8a24c2.jpg | https://lzd-u.slatic.net/0cf45255bf8b4086921b2fede327168d_e650c40da2fc4fabbb3da84cef45919d.jpg | https://lzd-u.slatic.net/0cf45255bf8b4086921b2fede327168d_c85e19c64a3d4c21b0ca5be8cfe19419.jpg | https://lzd-u.slatic.net/0cf45255bf8b4086921b2fede327168d_c44f8704754e4a02b92021f322e13aab.jpg | https://lzd-u.slatic.net/0cf45255bf8b4086921b2fede327168d_6e3991baf6c74b3987cac1456b3a3668.jpg | https://lzd-u.slatic.net/0cf45255bf8b4086921b2fede327168d_8a16788dd14d477fb42de60867782806.jpg,output_v2\images\reviews\RV74\img_01.jpg | output_v2\images\reviews\RV74\img_02.jpg | output_v2\images\reviews\RV74\img_03.jpg | output_v2\images\reviews\RV74\img_04.jpg | output_v2\images\reviews\RV74\img_05.jpg | output_v2\images\reviews\RV74\img_06.jpg,True,,
RV75,PD02,Daraz,33W Quick Charger Type-C for Xiaomi/vivo/realme/oppo/Samsung/Redmi,https://www.daraz.com.bd/products/mivivorealmeopposamsungredmi-33w-c-i415393999-s2329381582.html,https://bd-live-21.slatic.net/kf/S2c0af0f9242b468ba0310c11c520c3b9U.jpg,output_v2\images\products\PD02.jpg,5,"Alhamdulillah 
Received in good condition 
Same charger from the same seller
I am completely impressed
I have bought 2 Realme chargers from this store
Both are awesome 
Charges Fast
Thank you very much Daraz & Seller ",https://lzd-u.slatic.net/5be6d9430ac142d0a2c01522a60a3486_49724bddefef46df93c4c7dee42f332e.jpg,output_v2\images\reviews\RV75\img_01.jpg,True,,
RV76,PD02,Daraz,33W Quick Charger Type-C for Xiaomi/vivo/realme/oppo/Samsung/Redmi,https://www.daraz.com.bd/products/mivivorealmeopposamsungredmi-33w-c-i415393999-s2329381582.html,https://bd-live-21.slatic.net/kf/S2c0af0f9242b468ba0310c11c520c3b9U.jpg,output_v2\images\products\PD02.jpg,5,"এই নিয়ে ২ বার অর্ডার করলাম, আলহামদুলিল্লাহ অনেক ভালো পেয়েছি, ৩৩ ওয়াট সাপোর্ট করে, এত কম টাকাই সত্যিই অবিশ্বাসযোগ্য, শুভকামনা রইলো আপনাদের জন্য, এরপর আরো লাগলে আরো অর্ডার করবো 😊 ",https://lzd-u.slatic.net/735ab7002836444ba3141d73f75a3103_dee9409505094d54b28026bf9f1e46fe.jpg,output_v2\images\reviews\RV76\img_01.jpg,True,,
RV77,PD02,Daraz,33W Quick Charger Type-C for Xiaomi/vivo/realme/oppo/Samsung/Redmi,https://www.daraz.com.bd/products/mivivorealmeopposamsungredmi-33w-c-i415393999-s2329381582.html,https://bd-live-21.slatic.net/kf/S2c0af0f9242b468ba0310c11c520c3b9U.jpg,output_v2\images\products\PD02.jpg,5,চার্জার টা খুবই সুন্দর। সেলাার সাহেব কে ধন্যবাদ দারাজ কোম্পানিকে ধন্যবাদ। সত্যি করে মটোরোলা চার্জার। ৩৩হোয়াট।  ,https://lzd-u.slatic.net/876918e647c946b59e6fc9cb5d501a66_fed3a41cbca341a8ace7af0a068cd670.jpg | https://lzd-u.slatic.net/876918e647c946b59e6fc9cb5d501a66_9926278231ed498483d6150426143e66.jpg,output_v2\images\reviews\RV77\img_01.jpg | output_v2\images\reviews\RV77\img_02.jpg,True,,
RV78,PD02,Daraz,33W Quick Charger Type-C for Xiaomi/vivo/realme/oppo/Samsung/Redmi,https://www.daraz.com.bd/products/mivivorealmeopposamsungredmi-33w-c-i415393999-s2329381582.html,https://bd-live-21.slatic.net/kf/S2c0af0f9242b468ba0310c11c520c3b9U.jpg,output_v2\images\products\PD02.jpg,5,"আলহামদুলিল্লাহ যেমন চেয়েছি ঠিক তেমনি পেয়েছি আপনারাও চাইলে নিতে পারেন। 

৫ দিন পরে রিভিউ দিলাম। ",https://lzd-u.slatic.net/015f344f686b4afea650d620ad90f421_4fbce805dc8a4ab8bb700e664b6e0c77.jpg | https://lzd-u.slatic.net/8a22dfa2c73d4478aa628091df33e915_58f6ec1c50714885a04343ff21029acd.jpg | https://lzd-u.slatic.net/8a22dfa2c73d4478aa628091df33e915_c5169fe03eb749c79ff5a2b8268fa5d6.jpg,output_v2\images\reviews\RV78\img_01.jpg | output_v2\images\reviews\RV78\img_02.jpg | output_v2\images\reviews\RV78\img_03.jpg,True,,
RV79,PD02,Daraz,33W Quick Charger Type-C for Xiaomi/vivo/realme/oppo/Samsung/Redmi,https://www.daraz.com.bd/products/mivivorealmeopposamsungredmi-33w-c-i415393999-s2329381582.html,https://bd-live-21.slatic.net/kf/S2c0af0f9242b468ba0310c11c520c3b9U.jpg,output_v2\images\products\PD02.jpg,5,alhamdulillah jemon chaisi temon ar thik somoy paisi. ekhn services valo dilei Alhamdulillah  ,https://lzd-u.slatic.net/3ac3d2e5ea4c45408c62ac99b5b32f7b_87d6ca0d7bb24350b57bd94fbd959714.jpg,output_v2\images\reviews\RV79\img_01.jpg,True,,
RV80,PD02,Daraz,33W Quick Charger Type-C for Xiaomi/vivo/realme/oppo/Samsung/Redmi,https://www.daraz.com.bd/products/mivivorealmeopposamsungredmi-33w-c-i415393999-s2329381582.html,https://bd-live-21.slatic.net/kf/S2c0af0f9242b468ba0310c11c520c3b9U.jpg,output_v2\images\products\PD02.jpg,5,বাহ্ দারুন চার্জার পেলাম।চার্জারের ওয়েট ভাল এবং চার্জ খুব দ্রুত হচ্ছে।ধন্যবাদ সেলার আপনাকে। ,https://lzd-u.slatic.net/2e30fe2e421d4694ab54c98b68310d7a_4dd3c182767943228969beb113162162.jpg,output_v2\images\reviews\RV80\img_01.jpg,True,,
RV81,PD02,Daraz,33W Quick Charger Type-C for Xiaomi/vivo/realme/oppo/Samsung/Redmi,https://www.daraz.com.bd/products/mivivorealmeopposamsungredmi-33w-c-i415393999-s2329381582.html,https://bd-live-21.slatic.net/kf/S2c0af0f9242b468ba0310c11c520c3b9U.jpg,output_v2\images\products\PD02.jpg,5,এটা সবকিছু ঠিক আছে 33w ফাস্ট চার্জিং হয়। বাকিটা টিক সই কেমন হয় দেখা যাক। আশা করি ভালো হবে ,https://lzd-u.slatic.net/a766cf16f8b649ed9bc4f04e42883873_0438426fc740430787e6bff3e07dd4fa.jpg | https://lzd-u.slatic.net/d6dfe33c8136460d9b5934c2fc9495a2_8f6e1cde720b412481dc463d44d76da3.jpg | https://lzd-u.slatic.net/d6dfe33c8136460d9b5934c2fc9495a2_a8433819605840359eb665cd84967ae2.jpg | https://lzd-u.slatic.net/d6dfe33c8136460d9b5934c2fc9495a2_96a7cf0af6014a76833d031b32ebde1e.jpg,output_v2\images\reviews\RV81\img_01.jpg | output_v2\images\reviews\RV81\img_02.jpg | output_v2\images\reviews\RV81\img_03.jpg | output_v2\images\reviews\RV81\img_04.jpg,True,,
RV82,PD02,Daraz,33W Quick Charger Type-C for Xiaomi/vivo/realme/oppo/Samsung/Redmi,https://www.daraz.com.bd/products/mivivorealmeopposamsungredmi-33w-c-i415393999-s2329381582.html,https://bd-live-21.slatic.net/kf/S2c0af0f9242b468ba0310c11c520c3b9U.jpg,output_v2\images\products\PD02.jpg,5,Review dekhe e niechilam.....overall bhalo charger ta..packaging onk bhalo chilo.....✨️ ,https://lzd-u.slatic.net/781df6d8dfa649ddabd3de70d9247d58_c98e1b786afb491487c246955036a31f.jpg | https://lzd-u.slatic.net/47547ee602f84429a648e0d99f89829c_890b3a298ef04d1aae90976d0851e6cc.jpg,output_v2\images\reviews\RV82\img_01.jpg | output_v2\images\reviews\RV82\img_02.jpg,True,,
RV83,PD02,Daraz,33W Quick Charger Type-C for Xiaomi/vivo/realme/oppo/Samsung/Redmi,https://www.daraz.com.bd/products/mivivorealmeopposamsungredmi-33w-c-i415393999-s2329381582.html,https://bd-live-21.slatic.net/kf/S2c0af0f9242b468ba0310c11c520c3b9U.jpg,output_v2\images\products\PD02.jpg,5,চার্জারে এডাপ্টার একটা ঠিক আছে কিন্তু চার্জারে কেবল  দিয়ে চার্জ হচ্ছে না প্রবলেম আছে  ,https://lzd-u.slatic.net/b9929215a7d14e0ab854cb8f39d5c031_a28bfa83a0ac45e79216b800c36c6fa8.jpg,output_v2\images\reviews\RV83\img_01.jpg,True,,
RV84,PD02,Daraz,33W Quick Charger Type-C for Xiaomi/vivo/realme/oppo/Samsung/Redmi,https://www.daraz.com.bd/products/mivivorealmeopposamsungredmi-33w-c-i415393999-s2329381582.html,https://bd-live-21.slatic.net/kf/S2c0af0f9242b468ba0310c11c520c3b9U.jpg,output_v2\images\products\PD02.jpg,5,ঠিকঠাক আছে ভালোই চাষ হয় অনেক কম সময় চাইলে আপনারও কিনতে পারেন যদি কম বাজেট হয়ে থাকে ,https://lzd-u.slatic.net/823df43f7ea64fbf9be04eb7f608f54e_326a54b96a474f44a15aa869a98ac6fc.jpg,output_v2\images\reviews\RV84\img_01.jpg,True,,
RV85,PD02,Daraz,33W Quick Charger Type-C for Xiaomi/vivo/realme/oppo/Samsung/Redmi,https://www.daraz.com.bd/products/mivivorealmeopposamsungredmi-33w-c-i415393999-s2329381582.html,https://bd-live-21.slatic.net/kf/S2c0af0f9242b468ba0310c11c520c3b9U.jpg,output_v2\images\products\PD02.jpg,5,Original Product  যা চাইছিলাম তাই দিছে। চার্জ ও ভালোই উঠে।ধন্যবাদ জানাই সেলারকে।🥰🥰 ,https://lzd-u.slatic.net/c5fb85f9f67b4dde9de02d422e66ebe0_d04fcc6a4f934c69b8b1ee0644b69ed7.jpg,output_v2\images\reviews\RV85\img_01.jpg,True,,
RV86,PD02,Daraz,33W Quick Charger Type-C for Xiaomi/vivo/realme/oppo/Samsung/Redmi,https://www.daraz.com.bd/products/mivivorealmeopposamsungredmi-33w-c-i415393999-s2329381582.html,https://bd-live-21.slatic.net/kf/S2c0af0f9242b468ba0310c11c520c3b9U.jpg,output_v2\images\products\PD02.jpg,5,চার্জার হাতে পেয়েছে ফোনে চার্জ দিয়ে অনেক ভালো মনে হলো আপনারা সবাই নিতে পারেন  ,https://lzd-u.slatic.net/6eb556fcccfc4278aa6169f3f908f52d_355b7c195ebc40b9bb71e00bdc9aec0b.jpg,output_v2\images\reviews\RV86\img_01.jpg,True,,
RV87,PD02,Daraz,33W Quick Charger Type-C for Xiaomi/vivo/realme/oppo/Samsung/Redmi,https://www.daraz.com.bd/products/mivivorealmeopposamsungredmi-33w-c-i415393999-s2329381582.html,https://bd-live-21.slatic.net/kf/S2c0af0f9242b468ba0310c11c520c3b9U.jpg,output_v2\images\products\PD02.jpg,5,এই দামের মধ্যে খুব ভালো প্রোডাক্ট দারাজ কে ধন্যবাদ ভালো প্রোডাক্ট দেওয়ার জন্য ,https://lzd-u.slatic.net/4128b4bb80d6427e9c5cb385a753712c_90ed382d6e284005b9854a8b0418bd9c.jpg | https://lzd-u.slatic.net/03543755ed45432394ca48013b5cded0_3948ad63d49546c3b496c0fd94803636.jpg,output_v2\images\reviews\RV87\img_01.jpg | output_v2\images\reviews\RV87\img_02.jpg,True,,
RV88,PD02,Daraz,33W Quick Charger Type-C for Xiaomi/vivo/realme/oppo/Samsung/Redmi,https://www.daraz.com.bd/products/mivivorealmeopposamsungredmi-33w-c-i415393999-s2329381582.html,https://bd-live-21.slatic.net/kf/S2c0af0f9242b468ba0310c11c520c3b9U.jpg,output_v2\images\products\PD02.jpg,5,প্রোডাক্টটা ভালো আপনারা নিতে  পারেন অরিজিনাল ৩৩ ওয়াট ধন্যবাদ দারাজ কে ,https://lzd-u.slatic.net/c8e8e23f670e41efbed49c5cf43b2e83_6549038276644dca8e522f6009f9b3b9.jpg | https://lzd-u.slatic.net/8d7e54aa8f5d49ef884142e9fd456908_934fa28990ce41838ffff057d951d29b.jpg,output_v2\images\reviews\RV88\img_01.jpg | output_v2\images\reviews\RV88\img_02.jpg,True,,
RV89,PD02,Daraz,33W Quick Charger Type-C for Xiaomi/vivo/realme/oppo/Samsung/Redmi,https://www.daraz.com.bd/products/mivivorealmeopposamsungredmi-33w-c-i415393999-s2329381582.html,https://bd-live-21.slatic.net/kf/S2c0af0f9242b468ba0310c11c520c3b9U.jpg,output_v2\images\products\PD02.jpg,5,অর্ডার করেছি রেডমি দিয়ে দিছে রিয়েল মির চার্জার  বেশি একটা ভালো না  ,https://lzd-u.slatic.net/ae904290515544ddaf188791e34d1123_a897cf5144f9480c8932ad573a737f2b.jpg,output_v2\images\reviews\RV89\img_01.jpg,True,,
RV90,PD02,Daraz,33W Quick Charger Type-C for Xiaomi/vivo/realme/oppo/Samsung/Redmi,https://www.daraz.com.bd/products/mivivorealmeopposamsungredmi-33w-c-i415393999-s2329381582.html,https://bd-live-21.slatic.net/kf/S2c0af0f9242b468ba0310c11c520c3b9U.jpg,output_v2\images\products\PD02.jpg,5,ভাই চার্জার এর একটা দিলেন ঠিক আছে কিন্তু চার্জারের মাথাটা ভালো না  ,https://lzd-u.slatic.net/c0fbdaa61d8b43ba9d78b68d1407aecd_92890609807d44e9b58e00f60ca2ec9f.jpg,output_v2\images\reviews\RV90\img_01.jpg,True,,
RV91,PD02,Daraz,33W Quick Charger Type-C for Xiaomi/vivo/realme/oppo/Samsung/Redmi,https://www.daraz.com.bd/products/mivivorealmeopposamsungredmi-33w-c-i415393999-s2329381582.html,https://bd-live-21.slatic.net/kf/S2c0af0f9242b468ba0310c11c520c3b9U.jpg,output_v2\images\products\PD02.jpg,5,"এডপ্টার ভালো কিন্তু ক্যাবল নষ্ট,  যারা নিবেন বুঝেশুনে নিবেন ",https://lzd-u.slatic.net/4d781718c23b405b866f4ef1a02cfcf6_47a378c7884c42c687b83500d27729d7.jpg,output_v2\images\reviews\RV91\img_01.jpg,True,,
RV92,PD02,Daraz,33W Quick Charger Type-C for Xiaomi/vivo/realme/oppo/Samsung/Redmi,https://www.daraz.com.bd/products/mivivorealmeopposamsungredmi-33w-c-i415393999-s2329381582.html,https://bd-live-21.slatic.net/kf/S2c0af0f9242b468ba0310c11c520c3b9U.jpg,output_v2\images\products\PD02.jpg,5,"তারাতারি চার্জ হয় বলতে পারবো না, ২ মিনিট লাগে ১% চার্জ হতে ",https://lzd-u.slatic.net/e79fb0e9b222472bbfc0f827d70ec455_0258a78654364026957609d60a0d5f1e.jpg,output_v2\images\reviews\RV92\img_01.jpg,True,,
RV93,PD02,Daraz,33W Quick Charger Type-C for Xiaomi/vivo/realme/oppo/Samsung/Redmi,https://www.daraz.com.bd/products/mivivorealmeopposamsungredmi-33w-c-i415393999-s2329381582.html,https://bd-live-21.slatic.net/kf/S2c0af0f9242b468ba0310c11c520c3b9U.jpg,output_v2\images\products\PD02.jpg,5,"পোডাক্ট ভাল না, Samsung জায়গায় মটলার দিছে, বাজে জিনিস  ",https://lzd-u.slatic.net/411afa103eb5454d91adcd7f0b754fea_18d91134566945e3a04e413b995b864d.jpg,output_v2\images\reviews\RV93\img_01.jpg,True,,
RV94,PD02,Daraz,33W Quick Charger Type-C for Xiaomi/vivo/realme/oppo/Samsung/Redmi,https://www.daraz.com.bd/products/mivivorealmeopposamsungredmi-33w-c-i415393999-s2329381582.html,https://bd-live-21.slatic.net/kf/S2c0af0f9242b468ba0310c11c520c3b9U.jpg,output_v2\images\products\PD02.jpg,5,আলহামদুলিল্লাহ।  খুব ভালো পোডাক্ট কুইক চার্জ হচ্ছে।  ,https://lzd-u.slatic.net/e59e548db90a49f4964c252e6805dd64_ada52ec1bdfd4410bb0583c4f3435301.jpg,output_v2\images\reviews\RV94\img_01.jpg,True,,
RV95,PD02,Daraz,33W Quick Charger Type-C for Xiaomi/vivo/realme/oppo/Samsung/Redmi,https://www.daraz.com.bd/products/mivivorealmeopposamsungredmi-33w-c-i415393999-s2329381582.html,https://bd-live-21.slatic.net/kf/S2c0af0f9242b468ba0310c11c520c3b9U.jpg,output_v2\images\products\PD02.jpg,5,কি আর বলবো ১০০% চার্জ হতে ২ ঘণ্টা উপরে সময় লাগে ,https://lzd-u.slatic.net/adb712fe620c404eb7353a8bab5a6196_a51cdbb4788b4182a09d9c7b14b156c1.jpg | https://lzd-u.slatic.net/cf1b917eb02044d9986e1366879daddd_864e20de7ca44e329c5a0bb7b422ad71.jpg,output_v2\images\reviews\RV95\img_01.jpg | output_v2\images\reviews\RV95\img_02.jpg,True,,
RV96,PD02,Daraz,33W Quick Charger Type-C for Xiaomi/vivo/realme/oppo/Samsung/Redmi,https://www.daraz.com.bd/products/mivivorealmeopposamsungredmi-33w-c-i415393999-s2329381582.html,https://bd-live-21.slatic.net/kf/S2c0af0f9242b468ba0310c11c520c3b9U.jpg,output_v2\images\products\PD02.jpg,5,"চার্জার টা মুটা মুটি ভালো,কোন প্রকার জামেলা নেই। ",https://lzd-u.slatic.net/ac6e307651cb4910a8d41558e1c5a38b_5ace48ce1f984245b81d55ba963c7eaf.jpg | https://lzd-u.slatic.net/ac6e307651cb4910a8d41558e1c5a38b_25d3e8c1458d4824bacb72e7b320e648.jpg | https://lzd-u.slatic.net/ac6e307651cb4910a8d41558e1c5a38b_065179556f9146d790b0d14a2d19fc52.jpg,output_v2\images\reviews\RV96\img_01.jpg | output_v2\images\reviews\RV96\img_02.jpg | output_v2\images\reviews\RV96\img_03.jpg,True,,
RV97,PD02,Daraz,33W Quick Charger Type-C for Xiaomi/vivo/realme/oppo/Samsung/Redmi,https://www.daraz.com.bd/products/mivivorealmeopposamsungredmi-33w-c-i415393999-s2329381582.html,https://bd-live-21.slatic.net/kf/S2c0af0f9242b468ba0310c11c520c3b9U.jpg,output_v2\images\products\PD02.jpg,5,"Good quality, fast delivery, value for money. ",https://lzd-u.slatic.net/d48b0959a5964de9945d928658b3116e_a0c0c63abbd34b08a2a9767f68b5fb3c.jpg,output_v2\images\reviews\RV97\img_01.jpg,True,,
RV98,PD02,Daraz,33W Quick Charger Type-C for Xiaomi/vivo/realme/oppo/Samsung/Redmi,https://www.daraz.com.bd/products/mivivorealmeopposamsungredmi-33w-c-i415393999-s2329381582.html,https://bd-live-21.slatic.net/kf/S2c0af0f9242b468ba0310c11c520c3b9U.jpg,output_v2\images\products\PD02.jpg,5,valo. 2din use korsi. charging thik thak ase. ,https://lzd-u.slatic.net/e8e91a24980a44659152f3608afe6a06_2cfedab496cc4d66bce528c1c9bb3e7d.jpg,output_v2\images\reviews\RV98\img_01.jpg,True,,
RV99,PD02,Daraz,33W Quick Charger Type-C for Xiaomi/vivo/realme/oppo/Samsung/Redmi,https://www.daraz.com.bd/products/mivivorealmeopposamsungredmi-33w-c-i415393999-s2329381582.html,https://bd-live-21.slatic.net/kf/S2c0af0f9242b468ba0310c11c520c3b9U.jpg,output_v2\images\products\PD02.jpg,5,ভুলে টাইপ  সি ওডার দিয়েছি।একন টাইপ বি লাগবে  ,https://lzd-u.slatic.net/0155a9b4a59c4d0ea2ca0af11ff109c5_22d42ff5a3ef4e2596ad50d6eb23a247.jpg | https://lzd-u.slatic.net/0155a9b4a59c4d0ea2ca0af11ff109c5_55915df589b545ca9397551f00c3361d.jpg,output_v2\images\reviews\RV99\img_01.jpg | output_v2\images\reviews\RV99\img_02.jpg,True,,
RV100,PD02,Daraz,33W Quick Charger Type-C for Xiaomi/vivo/realme/oppo/Samsung/Redmi,https://www.daraz.com.bd/products/mivivorealmeopposamsungredmi-33w-c-i415393999-s2329381582.html,https://bd-live-21.slatic.net/kf/S2c0af0f9242b468ba0310c11c520c3b9U.jpg,output_v2\images\products\PD02.jpg,5,"অনেক ভালো চার্জার  আপনারা চাইলে নিতে পারেন
 ",https://lzd-u.slatic.net/19d95142ba104d95b2ea9b1f27227ca1_18d93ee010ba4f4ba725995d9bb49211.jpg,output_v2\images\reviews\RV100\img_01.jpg,True,,
RV101,PD02,Daraz,33W Quick Charger Type-C for Xiaomi/vivo/realme/oppo/Samsung/Redmi,https://www.daraz.com.bd/products/mivivorealmeopposamsungredmi-33w-c-i415393999-s2329381582.html,https://bd-live-21.slatic.net/kf/S2c0af0f9242b468ba0310c11c520c3b9U.jpg,output_v2\images\products\PD02.jpg,5,প্রডাক্টটি হাতে পেলাম খুব ভালো একটি প্রোডক ,https://lzd-u.slatic.net/f68fbedbe4c44cdabec281b925f5383d_627f986f8af2483f985b65adfbbbac1d.jpg,output_v2\images\reviews\RV101\img_01.jpg,True,,
RV102,PD02,Daraz,33W Quick Charger Type-C for Xiaomi/vivo/realme/oppo/Samsung/Redmi,https://www.daraz.com.bd/products/mivivorealmeopposamsungredmi-33w-c-i415393999-s2329381582.html,https://bd-live-21.slatic.net/kf/S2c0af0f9242b468ba0310c11c520c3b9U.jpg,output_v2\images\products\PD02.jpg,5,jemon vabchi tar theke onek beshi valo  ,https://lzd-u.slatic.net/7765ea3fb7cc4ccf95ced48d0daee740_13619626530e4816935db3011c1743b3.jpg,output_v2\images\reviews\RV102\img_01.jpg,True,,
RV103,PD02,Daraz,33W Quick Charger Type-C for Xiaomi/vivo/realme/oppo/Samsung/Redmi,https://www.daraz.com.bd/products/mivivorealmeopposamsungredmi-33w-c-i415393999-s2329381582.html,https://bd-live-21.slatic.net/kf/S2c0af0f9242b468ba0310c11c520c3b9U.jpg,output_v2\images\products\PD02.jpg,5,This product is quality very good  ,https://lzd-u.slatic.net/dd0eeda18a744b168581c5f4b793ae9d_480d3b900614484586ef4d4ea721b95c.jpg | https://lzd-u.slatic.net/3c75f0a1bd064e39a0d6f1b17a06966b_c0bf30b33e6641fb8bbfa5b774cba651.jpg,output_v2\images\reviews\RV103\img_01.jpg | output_v2\images\reviews\RV103\img_02.jpg,True,,
RV104,PD02,Daraz,33W Quick Charger Type-C for Xiaomi/vivo/realme/oppo/Samsung/Redmi,https://www.daraz.com.bd/products/mivivorealmeopposamsungredmi-33w-c-i415393999-s2329381582.html,https://bd-live-21.slatic.net/kf/S2c0af0f9242b468ba0310c11c520c3b9U.jpg,output_v2\images\products\PD02.jpg,5,ভাই এটা খারাপ৷  আমি এটা নিবো না ,https://lzd-u.slatic.net/85e1d69afaa64fcda2fb8c097c632114_7d2144d2070a450abecf0bf31570905c.jpg,output_v2\images\reviews\RV104\img_01.jpg,True,,
RV105,PD02,Daraz,33W Quick Charger Type-C for Xiaomi/vivo/realme/oppo/Samsung/Redmi,https://www.daraz.com.bd/products/mivivorealmeopposamsungredmi-33w-c-i415393999-s2329381582.html,https://bd-live-21.slatic.net/kf/S2c0af0f9242b468ba0310c11c520c3b9U.jpg,output_v2\images\products\PD02.jpg,5,"চার্জার টা অনেক ভালো 
 ",https://lzd-u.slatic.net/cdbf22f673e54ea29856c779ab7d1366_a6da716cc89547ccbd66fbebcbe06572.jpg,output_v2\images\reviews\RV105\img_01.jpg,True,,
RV106,PD02,Daraz,33W Quick Charger Type-C for Xiaomi/vivo/realme/oppo/Samsung/Redmi,https://www.daraz.com.bd/products/mivivorealmeopposamsungredmi-33w-c-i415393999-s2329381582.html,https://bd-live-21.slatic.net/kf/S2c0af0f9242b468ba0310c11c520c3b9U.jpg,output_v2\images\products\PD02.jpg,5,আনেক ভালো চার্জার ,https://lzd-u.slatic.net/268a4798110c49beb4f43197160bbfeb_c4938f8eb6e74a0a9ba36526e8de011e.jpg | https://lzd-u.slatic.net/e037036ff3bd4e9886250b93717b3a0f_5ef50dcbfe2b4154ad252f0f43db3c39.jpg | https://lzd-u.slatic.net/e037036ff3bd4e9886250b93717b3a0f_eb0499525972427aa042a08e25564bdf.jpg,output_v2\images\reviews\RV106\img_01.jpg | output_v2\images\reviews\RV106\img_02.jpg | output_v2\images\reviews\RV106\img_03.jpg,True,,
RV107,PD02,Daraz,33W Quick Charger Type-C for Xiaomi/vivo/realme/oppo/Samsung/Redmi,https://www.daraz.com.bd/products/mivivorealmeopposamsungredmi-33w-c-i415393999-s2329381582.html,https://bd-live-21.slatic.net/kf/S2c0af0f9242b468ba0310c11c520c3b9U.jpg,output_v2\images\products\PD02.jpg,5,"Good!! 
but😙😙 ",https://lzd-u.slatic.net/0278ce4de0ce4331931f166c5ae834fd_eba9675f87d241b584728b9a4ee5beb6.jpg,output_v2\images\reviews\RV107\img_01.jpg,True,,
RV108,PD02,Daraz,33W Quick Charger Type-C for Xiaomi/vivo/realme/oppo/Samsung/Redmi,https://www.daraz.com.bd/products/mivivorealmeopposamsungredmi-33w-c-i415393999-s2329381582.html,https://bd-live-21.slatic.net/kf/S2c0af0f9242b468ba0310c11c520c3b9U.jpg,output_v2\images\products\PD02.jpg,5,মোটামুটি ভালোই ,https://lzd-u.slatic.net/179cdc1a0f914414b85da1895c028b4f_cbde8d35414e492a80d539e72d2088f4.jpg,output_v2\images\reviews\RV108\img_01.jpg,True,,
RV109,PD02,Daraz,33W Quick Charger Type-C for Xiaomi/vivo/realme/oppo/Samsung/Redmi,https://www.daraz.com.bd/products/mivivorealmeopposamsungredmi-33w-c-i415393999-s2329381582.html,https://bd-live-21.slatic.net/kf/S2c0af0f9242b468ba0310c11c520c3b9U.jpg,output_v2\images\products\PD02.jpg,5,আনেক ভালো🥰🥰 ,https://lzd-u.slatic.net/c21f368ae5074733aa36aa8b0faacf80_4937049cd4954cb7ad2cb72fe7232414.jpg,output_v2\images\reviews\RV109\img_01.jpg,True,,
RV110,PD02,Daraz,33W Quick Charger Type-C for Xiaomi/vivo/realme/oppo/Samsung/Redmi,https://www.daraz.com.bd/products/mivivorealmeopposamsungredmi-33w-c-i415393999-s2329381582.html,https://bd-live-21.slatic.net/kf/S2c0af0f9242b468ba0310c11c520c3b9U.jpg,output_v2\images\products\PD02.jpg,5,অনেক ভালো  ,https://lzd-u.slatic.net/8245fb4b46fa4a97a8491474d12a672b_7ec3b6c09c3b47d5a7f3fb69723e2c96.jpg,output_v2\images\reviews\RV110\img_01.jpg,True,,
RV111,PD02,Daraz,33W Quick Charger Type-C for Xiaomi/vivo/realme/oppo/Samsung/Redmi,https://www.daraz.com.bd/products/mivivorealmeopposamsungredmi-33w-c-i415393999-s2329381582.html,https://bd-live-21.slatic.net/kf/S2c0af0f9242b468ba0310c11c520c3b9U.jpg,output_v2\images\products\PD02.jpg,3,অনেক ভালো চার্জার এবং দ্রুত চার্জ হয় চার্জার নিয়ে আমি স্যাটিসফ্যাক্ট। আপনারা চাইলে নিতে পারেন ,https://lzd-u.slatic.net/052fb5a405cb462b963b6591dcee9498_9a00e69296fc421997b2476ed1789948.jpg,output_v2\images\reviews\RV111\img_01.jpg,True,,
RV112,PD02,Daraz,33W Quick Charger Type-C for Xiaomi/vivo/realme/oppo/Samsung/Redmi,https://www.daraz.com.bd/products/mivivorealmeopposamsungredmi-33w-c-i415393999-s2329381582.html,https://bd-live-21.slatic.net/kf/S2c0af0f9242b468ba0310c11c520c3b9U.jpg,output_v2\images\products\PD02.jpg,5,Frusted by purchasing the charger. Very poor quality product. It takes excessive time for recharging an smart phone. Daraz should avoid to sell this type of charger. ,,,True,,
RV113,PD02,Daraz,33W Quick Charger Type-C for Xiaomi/vivo/realme/oppo/Samsung/Redmi,https://www.daraz.com.bd/products/mivivorealmeopposamsungredmi-33w-c-i415393999-s2329381582.html,https://bd-live-21.slatic.net/kf/S2c0af0f9242b468ba0310c11c520c3b9U.jpg,output_v2\images\products\PD02.jpg,5,খুব বাজে মানের চার্জার ২ ঘন্টায় ১০০% চার্জ হয়না ৬ দিন ধরে কিনেছি আর ১ দিন দেখবো ঠিক না হলে রিটার্ন দিব ,,,True,,
RV114,PD02,Daraz,33W Quick Charger Type-C for Xiaomi/vivo/realme/oppo/Samsung/Redmi,https://www.daraz.com.bd/products/mivivorealmeopposamsungredmi-33w-c-i415393999-s2329381582.html,https://bd-live-21.slatic.net/kf/S2c0af0f9242b468ba0310c11c520c3b9U.jpg,output_v2\images\products\PD02.jpg,5,প্রোডাক্টটি খুব সুন্দর। প্যাকেজিং ভালো ছিলো। আর অরিজিনাল ৩৩ ওয়াটের চার্জার। সুপারফাস্ট চার্জিং হয়। ধন্যবাদ সেলারকে। তবে ওয়ারেন্টির বিষয়টা বুঝলাম না। ২য় ছবিতে আছে। ,,,True,,
RV115,PD02,Daraz,33W Quick Charger Type-C for Xiaomi/vivo/realme/oppo/Samsung/Redmi,https://www.daraz.com.bd/products/mivivorealmeopposamsungredmi-33w-c-i415393999-s2329381582.html,https://bd-live-21.slatic.net/kf/S2c0af0f9242b468ba0310c11c520c3b9U.jpg,output_v2\images\products\PD02.jpg,5,অসাধারণ একটা প্রোডাক্ট এক মিনিটে এক পারসেন চার্জ হয় এতো ভালো একটা প্রোডাক্ট দেওয়ার জন্য সেলার ভাইকে অসংখ্য ধন্যবাদ ,,,True,,
RV116,PD02,Daraz,33W Quick Charger Type-C for Xiaomi/vivo/realme/oppo/Samsung/Redmi,https://www.daraz.com.bd/products/mivivorealmeopposamsungredmi-33w-c-i415393999-s2329381582.html,https://bd-live-21.slatic.net/kf/S2c0af0f9242b468ba0310c11c520c3b9U.jpg,output_v2\images\products\PD02.jpg,4,this is obviously fake....but it works..so I don't care...the cable can't be used for data transfer only for charging  ,,,True,,
RV117,PD02,Daraz,33W Quick Charger Type-C for Xiaomi/vivo/realme/oppo/Samsung/Redmi,https://www.daraz.com.bd/products/mivivorealmeopposamsungredmi-33w-c-i415393999-s2329381582.html,https://bd-live-21.slatic.net/kf/S2c0af0f9242b468ba0310c11c520c3b9U.jpg,output_v2\images\products\PD02.jpg,5,alhamdullah charger ta onak vlo kom tk te ata best Ami 5 din use kore ajke review dilam caile apnarw nite paren ,,,True,,
RV118,PD02,Daraz,33W Quick Charger Type-C for Xiaomi/vivo/realme/oppo/Samsung/Redmi,https://www.daraz.com.bd/products/mivivorealmeopposamsungredmi-33w-c-i415393999-s2329381582.html,https://bd-live-21.slatic.net/kf/S2c0af0f9242b468ba0310c11c520c3b9U.jpg,output_v2\images\products\PD02.jpg,5,ফার্স্ট চার্জিং মোটামুটি সাপোর্ট করে 6 এম্পিয়ার সাপোর্ট করে শর্ট থাকে সাপোর্ট নাই এক ঘন্টা ভুল কাজ করতে পারে কারেন্ট শর্ট আছে ,,,True,,
RV119,PD02,Daraz,33W Quick Charger Type-C for Xiaomi/vivo/realme/oppo/Samsung/Redmi,https://www.daraz.com.bd/products/mivivorealmeopposamsungredmi-33w-c-i415393999-s2329381582.html,https://bd-live-21.slatic.net/kf/S2c0af0f9242b468ba0310c11c520c3b9U.jpg,output_v2\images\products\PD02.jpg,5,"শুধু ওয়ানপ্লাস মোবাইল চার্জ হয় 
অন্য কোনো মোবাইল চার্জ হয়না 
তাই আমি সাপোর্ট করবোনা এ চার্জার নেওয়ার জন্য
 ",,,True,,
RV120,PD02,Daraz,33W Quick Charger Type-C for Xiaomi/vivo/realme/oppo/Samsung/Redmi,https://www.daraz.com.bd/products/mivivorealmeopposamsungredmi-33w-c-i415393999-s2329381582.html,https://bd-live-21.slatic.net/kf/S2c0af0f9242b468ba0310c11c520c3b9U.jpg,output_v2\images\products\PD02.jpg,5,"প্রথম টা মোটামুটি ভালই ছিল,তাই আরেকটা অর্ডার করি,তবে দ্বিতীয় টা অত্যন্ত বাজে একটা চার্জার, ফাস্ট চার্য ত হয় ই না,আরো স্লো চার্য হয়👎 ",,,True,,
RV121,PD02,Daraz,33W Quick Charger Type-C for Xiaomi/vivo/realme/oppo/Samsung/Redmi,https://www.daraz.com.bd/products/mivivorealmeopposamsungredmi-33w-c-i415393999-s2329381582.html,https://bd-live-21.slatic.net/kf/S2c0af0f9242b468ba0310c11c520c3b9U.jpg,output_v2\images\products\PD02.jpg,5,যেমন টা চেয়েছিলাম ঠিক তেমনটা পেয়েছি।এবং তাছাড়া ফোন চার্জ দিয়েও সব কিছু ঠিকঠাক লাগছে।ধন্যবাদ দারাজ 🫶🤝 ,,,True,,
RV122,PD02,Daraz,33W Quick Charger Type-C for Xiaomi/vivo/realme/oppo/Samsung/Redmi,https://www.daraz.com.bd/products/mivivorealmeopposamsungredmi-33w-c-i415393999-s2329381582.html,https://bd-live-21.slatic.net/kf/S2c0af0f9242b468ba0310c11c520c3b9U.jpg,output_v2\images\products\PD02.jpg,5,ভাই এর থেকে বাজে চার্জার আর হয় না। চায়না চার্জার দিয়ে দিয়েছে। চার্জ না বেড়ে চার্জ আরো কমে। কেউ যদি মোবাইলের চার্জ কমাতে চান তাহলে এই চার্জার আপনার জন্য বেস্ট হবে  ,,,True,,
RV123,PD02,Daraz,33W Quick Charger Type-C for Xiaomi/vivo/realme/oppo/Samsung/Redmi,https://www.daraz.com.bd/products/mivivorealmeopposamsungredmi-33w-c-i415393999-s2329381582.html,https://bd-live-21.slatic.net/kf/S2c0af0f9242b468ba0310c11c520c3b9U.jpg,output_v2\images\products\PD02.jpg,2,বড় আশা করে চার্জারটি বিকাশ পেমেন্ট করে কিনেছিলাম কিন্তু তাদের দেওয়া রিভিউতে দেখলাম একরকম আর পেলাম আর একরকম দারাজের কথা কাজে কোন মিল নেই তবে সেলার ভাইটি খুব ভাল ছিল অত্যন্ত ভালো কিন্তু আমি দারাজ থেকে এই ব্যবহারটা আশা করিনি এই প্রথমবার মনেহয় আমি দারাজ থেকে ধোকা খেলাম চার্জার দেখলাম একরকম পেলাম আরেকরকম কিন্তু চার্জ হয় মোটামুটি ভালই বাকিটা ইতিহাস ,https://lzd-u.slatic.net/8c3ead31647245199fd1356de30955d3_b718859d39014e52a3eba4d037628d33.jpg | https://lzd-u.slatic.net/55ad1cf447b6488b911f372d850adc40_a4e15b4960ec4aa0af83ec9e00edd8eb.jpg,output_v2\images\reviews\RV123\img_01.jpg | output_v2\images\reviews\RV123\img_02.jpg,True,,
RV124,PD02,Daraz,33W Quick Charger Type-C for Xiaomi/vivo/realme/oppo/Samsung/Redmi,https://www.daraz.com.bd/products/mivivorealmeopposamsungredmi-33w-c-i415393999-s2329381582.html,https://bd-live-21.slatic.net/kf/S2c0af0f9242b468ba0310c11c520c3b9U.jpg,output_v2\images\products\PD02.jpg,5,"আজ‌কে হা‌তে পেলাম। Oppo চে‌য়ে‌ছি, তাই পে‌য়ে‌ছি। ৩৩ ওয়াট এর চার্জার। চার্জ দ্রুতই হ‌চ্ছে। নির্ভয়ে নি‌তে পা‌রেন।  ",,,True,,
RV125,PD02,Daraz,33W Quick Charger Type-C for Xiaomi/vivo/realme/oppo/Samsung/Redmi,https://www.daraz.com.bd/products/mivivorealmeopposamsungredmi-33w-c-i415393999-s2329381582.html,https://bd-live-21.slatic.net/kf/S2c0af0f9242b468ba0310c11c520c3b9U.jpg,output_v2\images\products\PD02.jpg,5,"দেখে তো মনে হচ্ছে ভালো তবে কিছুদিন ব্যবহার করলে বুঝা যাবে,আর আমি স্যামসাং এর চার্জার চেয়েছি  তারা ওটাই দিয়েছে 
 ",,,True,,
RV126,PD02,Daraz,33W Quick Charger Type-C for Xiaomi/vivo/realme/oppo/Samsung/Redmi,https://www.daraz.com.bd/products/mivivorealmeopposamsungredmi-33w-c-i415393999-s2329381582.html,https://bd-live-21.slatic.net/kf/S2c0af0f9242b468ba0310c11c520c3b9U.jpg,output_v2\images\products\PD02.jpg,5,"dart charge support kore 
but original na 
aktu slow original thake 
ei bujjet a thik thak ace 👍 ",,,True,,
RV127,PD02,Daraz,33W Quick Charger Type-C for Xiaomi/vivo/realme/oppo/Samsung/Redmi,https://www.daraz.com.bd/products/mivivorealmeopposamsungredmi-33w-c-i415393999-s2329381582.html,https://bd-live-21.slatic.net/kf/S2c0af0f9242b468ba0310c11c520c3b9U.jpg,output_v2\images\products\PD02.jpg,5,ফার্স্ট চার্জ হয়না।এডাপটারে লেখা মেইড ইন ইন্ডিয়া আর ক্যাবলে লেখা মেইড ইন চায়না! নট স্যাটিসফাইড। ,,,True,,
RV128,PD02,Daraz,33W Quick Charger Type-C for Xiaomi/vivo/realme/oppo/Samsung/Redmi,https://www.daraz.com.bd/products/mivivorealmeopposamsungredmi-33w-c-i415393999-s2329381582.html,https://bd-live-21.slatic.net/kf/S2c0af0f9242b468ba0310c11c520c3b9U.jpg,output_v2\images\products\PD02.jpg,5,"Alhamdulillah product same to same. akhon use kore dekhi koidin kmn chole.
thanks seller k. ",,,True,,
RV129,PD02,Daraz,33W Quick Charger Type-C for Xiaomi/vivo/realme/oppo/Samsung/Redmi,https://www.daraz.com.bd/products/mivivorealmeopposamsungredmi-33w-c-i415393999-s2329381582.html,https://bd-live-21.slatic.net/kf/S2c0af0f9242b468ba0310c11c520c3b9U.jpg,output_v2\images\products\PD02.jpg,5,"আলহামদুলিল্লাহ অনেক ভালো প্রোডাক, আমার মনের মত হয়েছে, আপনারা চাইলে নিতে পারেন। ধন্যবাদ 🙂 ",,,True,,
RV130,PD02,Daraz,33W Quick Charger Type-C for Xiaomi/vivo/realme/oppo/Samsung/Redmi,https://www.daraz.com.bd/products/mivivorealmeopposamsungredmi-33w-c-i415393999-s2329381582.html,https://bd-live-21.slatic.net/kf/S2c0af0f9242b468ba0310c11c520c3b9U.jpg,output_v2\images\products\PD02.jpg,5,"I think this is good , van anyone buy this product. price  I think ok, no doubt. ",,,True,,
RV131,PD02,Daraz,33W Quick Charger Type-C for Xiaomi/vivo/realme/oppo/Samsung/Redmi,https://www.daraz.com.bd/products/mivivorealmeopposamsungredmi-33w-c-i415393999-s2329381582.html,https://bd-live-21.slatic.net/kf/S2c0af0f9242b468ba0310c11c520c3b9U.jpg,output_v2\images\products\PD02.jpg,5,চার্জারটি অনেক ভালো খুব দ্রুত চার্জ হয় আপনারা চাইলে নিতে পারেন কোন সমস্যা নেই ,,,True,,
RV132,PD02,Daraz,33W Quick Charger Type-C for Xiaomi/vivo/realme/oppo/Samsung/Redmi,https://www.daraz.com.bd/products/mivivorealmeopposamsungredmi-33w-c-i415393999-s2329381582.html,https://bd-live-21.slatic.net/kf/S2c0af0f9242b468ba0310c11c520c3b9U.jpg,output_v2\images\products\PD02.jpg,5, আলহামদুলিল্লাহ চার্জারটা অনেক ভালো। সবাই নিতে পারেন। ধন্যবাদ দারাজ কে।   ,,,True,,
RV133,PD02,Daraz,33W Quick Charger Type-C for Xiaomi/vivo/realme/oppo/Samsung/Redmi,https://www.daraz.com.bd/products/mivivorealmeopposamsungredmi-33w-c-i415393999-s2329381582.html,https://bd-live-21.slatic.net/kf/S2c0af0f9242b468ba0310c11c520c3b9U.jpg,output_v2\images\products\PD02.jpg,5,"আলহামদুলিল্লাহ, আমি নিয়েছি vivo 33 w চার্জার খুব ভাল কাজ করছে  ",,,True,,
RV134,PD02,Daraz,33W Quick Charger Type-C for Xiaomi/vivo/realme/oppo/Samsung/Redmi,https://www.daraz.com.bd/products/mivivorealmeopposamsungredmi-33w-c-i415393999-s2329381582.html,https://bd-live-21.slatic.net/kf/S2c0af0f9242b468ba0310c11c520c3b9U.jpg,output_v2\images\products\PD02.jpg,5,প্রডাকটা পেয়েছি।মোটামুটি ভালো।চাইলে আপনারাও নিতে পারেন।👍👍 ,,,True,,
RV135,PD02,Daraz,33W Quick Charger Type-C for Xiaomi/vivo/realme/oppo/Samsung/Redmi,https://www.daraz.com.bd/products/mivivorealmeopposamsungredmi-33w-c-i415393999-s2329381582.html,https://bd-live-21.slatic.net/kf/S2c0af0f9242b468ba0310c11c520c3b9U.jpg,output_v2\images\products\PD02.jpg,5,আমি চার্জার প্রথমে একটা নিয়েছিলাম পরে আরো  একটা নিয়েছি । ,,,True,,
RV136,PD02,Daraz,33W Quick Charger Type-C for Xiaomi/vivo/realme/oppo/Samsung/Redmi,https://www.daraz.com.bd/products/mivivorealmeopposamsungredmi-33w-c-i415393999-s2329381582.html,https://bd-live-21.slatic.net/kf/S2c0af0f9242b468ba0310c11c520c3b9U.jpg,output_v2\images\products\PD02.jpg,5,ভাল কিন্তু.... মোবাইল  প্রচুর গরম হয়ে যায়। কারণটা কি...?  ,,,True,,
RV137,PD02,Daraz,33W Quick Charger Type-C for Xiaomi/vivo/realme/oppo/Samsung/Redmi,https://www.daraz.com.bd/products/mivivorealmeopposamsungredmi-33w-c-i415393999-s2329381582.html,https://bd-live-21.slatic.net/kf/S2c0af0f9242b468ba0310c11c520c3b9U.jpg,output_v2\images\products\PD02.jpg,5,র্চাজার টা ভালোই র্চাজ দ্রতু উঠে দেখি কতো দিন টিকে থাকে  ,,,True,,
RV138,PD02,Daraz,33W Quick Charger Type-C for Xiaomi/vivo/realme/oppo/Samsung/Redmi,https://www.daraz.com.bd/products/mivivorealmeopposamsungredmi-33w-c-i415393999-s2329381582.html,https://bd-live-21.slatic.net/kf/S2c0af0f9242b468ba0310c11c520c3b9U.jpg,output_v2\images\products\PD02.jpg,4,দাম অনুযায়ী সার্ভিস ভালো।মোটামুটি দ্রুত সময়ে চার্জ হয়। ,,,True,,
RV139,PD02,Daraz,33W Quick Charger Type-C for Xiaomi/vivo/realme/oppo/Samsung/Redmi,https://www.daraz.com.bd/products/mivivorealmeopposamsungredmi-33w-c-i415393999-s2329381582.html,https://bd-live-21.slatic.net/kf/S2c0af0f9242b468ba0310c11c520c3b9U.jpg,output_v2\images\products\PD02.jpg,5,"ভাই এইটা চজারনা ভাই এইটা আলাদিনের চেরাগ 
আমি খুব খুশি ",,,True,,
RV140,PD02,Daraz,33W Quick Charger Type-C for Xiaomi/vivo/realme/oppo/Samsung/Redmi,https://www.daraz.com.bd/products/mivivorealmeopposamsungredmi-33w-c-i415393999-s2329381582.html,https://bd-live-21.slatic.net/kf/S2c0af0f9242b468ba0310c11c520c3b9U.jpg,output_v2\images\products\PD02.jpg,5,"অনেক ভালো ফাস্ট চার্জ হয় সবাই নিতে পারেন, টাকা উসুল ",,,True,,
RV141,PD02,Daraz,33W Quick Charger Type-C for Xiaomi/vivo/realme/oppo/Samsung/Redmi,https://www.daraz.com.bd/products/mivivorealmeopposamsungredmi-33w-c-i415393999-s2329381582.html,https://bd-live-21.slatic.net/kf/S2c0af0f9242b468ba0310c11c520c3b9U.jpg,output_v2\images\products\PD02.jpg,4,"ক্যাবলটা  একদম নরমাল
ফাস্ট চার্জ সাপোর্ট করেনা ",,,True,,
RV142,PD02,Daraz,33W Quick Charger Type-C for Xiaomi/vivo/realme/oppo/Samsung/Redmi,https://www.daraz.com.bd/products/mivivorealmeopposamsungredmi-33w-c-i415393999-s2329381582.html,https://bd-live-21.slatic.net/kf/S2c0af0f9242b468ba0310c11c520c3b9U.jpg,output_v2\images\products\PD02.jpg,5,খুব ভালো চার্জার আপনারা চাইলে নিতে পারেন  ,,,True,,
RV143,PD02,Daraz,33W Quick Charger Type-C for Xiaomi/vivo/realme/oppo/Samsung/Redmi,https://www.daraz.com.bd/products/mivivorealmeopposamsungredmi-33w-c-i415393999-s2329381582.html,https://bd-live-21.slatic.net/kf/S2c0af0f9242b468ba0310c11c520c3b9U.jpg,output_v2\images\products\PD02.jpg,5,অনেক ভালো চার্জ। আপনারা চাইলে নিতে পারেন  ,,,True,,
RV144,PD02,Daraz,33W Quick Charger Type-C for Xiaomi/vivo/realme/oppo/Samsung/Redmi,https://www.daraz.com.bd/products/mivivorealmeopposamsungredmi-33w-c-i415393999-s2329381582.html,https://bd-live-21.slatic.net/kf/S2c0af0f9242b468ba0310c11c520c3b9U.jpg,output_v2\images\products\PD02.jpg,5,super fast delivery.  very good product  ,,,True,,
RV145,PD02,Daraz,33W Quick Charger Type-C for Xiaomi/vivo/realme/oppo/Samsung/Redmi,https://www.daraz.com.bd/products/mivivorealmeopposamsungredmi-33w-c-i415393999-s2329381582.html,https://bd-live-21.slatic.net/kf/S2c0af0f9242b468ba0310c11c520c3b9U.jpg,output_v2\images\products\PD02.jpg,5,চার্জ হচ্ছে কিন্তু একটু সময় নেয় 👍👍👍 ,,,True,,
RV146,PD02,Daraz,33W Quick Charger Type-C for Xiaomi/vivo/realme/oppo/Samsung/Redmi,https://www.daraz.com.bd/products/mivivorealmeopposamsungredmi-33w-c-i415393999-s2329381582.html,https://bd-live-21.slatic.net/kf/S2c0af0f9242b468ba0310c11c520c3b9U.jpg,output_v2\images\products\PD02.jpg,5,ভালোই কিন্তু তারটায় কারেন্টর ঝুঁকি আছে😅 ,,,True,,
RV147,PD02,Daraz,33W Quick Charger Type-C for Xiaomi/vivo/realme/oppo/Samsung/Redmi,https://www.daraz.com.bd/products/mivivorealmeopposamsungredmi-33w-c-i415393999-s2329381582.html,https://bd-live-21.slatic.net/kf/S2c0af0f9242b468ba0310c11c520c3b9U.jpg,output_v2\images\products\PD02.jpg,5,Dam er dik diya thik ace.. valoi chole  ,,,True,,
RV148,PD02,Daraz,33W Quick Charger Type-C for Xiaomi/vivo/realme/oppo/Samsung/Redmi,https://www.daraz.com.bd/products/mivivorealmeopposamsungredmi-33w-c-i415393999-s2329381582.html,https://bd-live-21.slatic.net/kf/S2c0af0f9242b468ba0310c11c520c3b9U.jpg,output_v2\images\products\PD02.jpg,5,valo silo but charges gorom hoiye jai ,,,True,,
RV149,PD02,Daraz,33W Quick Charger Type-C for Xiaomi/vivo/realme/oppo/Samsung/Redmi,https://www.daraz.com.bd/products/mivivorealmeopposamsungredmi-33w-c-i415393999-s2329381582.html,https://bd-live-21.slatic.net/kf/S2c0af0f9242b468ba0310c11c520c3b9U.jpg,output_v2\images\products\PD02.jpg,5,চার্জারটির প্রাইস অনুযায়ী অনেক ভালো  ,,,True,,
RV150,PD02,Daraz,33W Quick Charger Type-C for Xiaomi/vivo/realme/oppo/Samsung/Redmi,https://www.daraz.com.bd/products/mivivorealmeopposamsungredmi-33w-c-i415393999-s2329381582.html,https://bd-live-21.slatic.net/kf/S2c0af0f9242b468ba0310c11c520c3b9U.jpg,output_v2\images\products\PD02.jpg,5,delivery slow but this charger good ,,,True,,
RV151,PD02,Daraz,33W Quick Charger Type-C for Xiaomi/vivo/realme/oppo/Samsung/Redmi,https://www.daraz.com.bd/products/mivivorealmeopposamsungredmi-33w-c-i415393999-s2329381582.html,https://bd-live-21.slatic.net/kf/S2c0af0f9242b468ba0310c11c520c3b9U.jpg,output_v2\images\products\PD02.jpg,5,"charger valo ache,shobai nite pare ",,,True,,
RV152,PD02,Daraz,33W Quick Charger Type-C for Xiaomi/vivo/realme/oppo/Samsung/Redmi,https://www.daraz.com.bd/products/mivivorealmeopposamsungredmi-33w-c-i415393999-s2329381582.html,https://bd-live-21.slatic.net/kf/S2c0af0f9242b468ba0310c11c520c3b9U.jpg,output_v2\images\products\PD02.jpg,5,"no good charger 22 watt Navy 

 ",,,True,,
RV153,PD02,Daraz,33W Quick Charger Type-C for Xiaomi/vivo/realme/oppo/Samsung/Redmi,https://www.daraz.com.bd/products/mivivorealmeopposamsungredmi-33w-c-i415393999-s2329381582.html,https://bd-live-21.slatic.net/kf/S2c0af0f9242b468ba0310c11c520c3b9U.jpg,output_v2\images\products\PD02.jpg,5,"মোটামুটি ভাল, প্রচন্ড গরম হয় ",,,True,,
RV154,PD02,Daraz,33W Quick Charger Type-C for Xiaomi/vivo/realme/oppo/Samsung/Redmi,https://www.daraz.com.bd/products/mivivorealmeopposamsungredmi-33w-c-i415393999-s2329381582.html,https://bd-live-21.slatic.net/kf/S2c0af0f9242b468ba0310c11c520c3b9U.jpg,output_v2\images\products\PD02.jpg,5,Awesome. It works perfectly.  ,,,True,,
RV155,PD02,Daraz,33W Quick Charger Type-C for Xiaomi/vivo/realme/oppo/Samsung/Redmi,https://www.daraz.com.bd/products/mivivorealmeopposamsungredmi-33w-c-i415393999-s2329381582.html,https://bd-live-21.slatic.net/kf/S2c0af0f9242b468ba0310c11c520c3b9U.jpg,output_v2\images\products\PD02.jpg,5,২ ঘন্টায় ১০% চার্জ ওঠছে  ,,,True,,
RV156,PD02,Daraz,33W Quick Charger Type-C for Xiaomi/vivo/realme/oppo/Samsung/Redmi,https://www.daraz.com.bd/products/mivivorealmeopposamsungredmi-33w-c-i415393999-s2329381582.html,https://bd-live-21.slatic.net/kf/S2c0af0f9242b468ba0310c11c520c3b9U.jpg,output_v2\images\products\PD02.jpg,5,not bad for regular use ,,,True,,
RV157,PD02,Daraz,33W Quick Charger Type-C for Xiaomi/vivo/realme/oppo/Samsung/Redmi,https://www.daraz.com.bd/products/mivivorealmeopposamsungredmi-33w-c-i415393999-s2329381582.html,https://bd-live-21.slatic.net/kf/S2c0af0f9242b468ba0310c11c520c3b9U.jpg,output_v2\images\products\PD02.jpg,5,আলহামদুলিল্লাহ ভালো  ,,,True,,
RV158,PD02,Daraz,33W Quick Charger Type-C for Xiaomi/vivo/realme/oppo/Samsung/Redmi,https://www.daraz.com.bd/products/mivivorealmeopposamsungredmi-33w-c-i415393999-s2329381582.html,https://bd-live-21.slatic.net/kf/S2c0af0f9242b468ba0310c11c520c3b9U.jpg,output_v2\images\products\PD02.jpg,5,এডাপ্টারটা নষ্ট দিছে ,,,True,,
RV159,PD02,Daraz,33W Quick Charger Type-C for Xiaomi/vivo/realme/oppo/Samsung/Redmi,https://www.daraz.com.bd/products/mivivorealmeopposamsungredmi-33w-c-i415393999-s2329381582.html,https://bd-live-21.slatic.net/kf/S2c0af0f9242b468ba0310c11c520c3b9U.jpg,output_v2\images\products\PD02.jpg,5,অনেক ভালো প্রডাক্ট।  ,,,True,,
RV160,PD02,Daraz,33W Quick Charger Type-C for Xiaomi/vivo/realme/oppo/Samsung/Redmi,https://www.daraz.com.bd/products/mivivorealmeopposamsungredmi-33w-c-i415393999-s2329381582.html,https://bd-live-21.slatic.net/kf/S2c0af0f9242b468ba0310c11c520c3b9U.jpg,output_v2\images\products\PD02.jpg,5,good Alhumdulliah  ,,,True,,
RV161,PD02,Daraz,33W Quick Charger Type-C for Xiaomi/vivo/realme/oppo/Samsung/Redmi,https://www.daraz.com.bd/products/mivivorealmeopposamsungredmi-33w-c-i415393999-s2329381582.html,https://bd-live-21.slatic.net/kf/S2c0af0f9242b468ba0310c11c520c3b9U.jpg,output_v2\images\products\PD02.jpg,5,তেমন ফার্স্ট না। ,,,True,,
RV162,PD02,Daraz,33W Quick Charger Type-C for Xiaomi/vivo/realme/oppo/Samsung/Redmi,https://www.daraz.com.bd/products/mivivorealmeopposamsungredmi-33w-c-i415393999-s2329381582.html,https://bd-live-21.slatic.net/kf/S2c0af0f9242b468ba0310c11c520c3b9U.jpg,output_v2\images\products\PD02.jpg,5,Khuuub valoooo.  ,,,True,,
RV163,PD02,Daraz,33W Quick Charger Type-C for Xiaomi/vivo/realme/oppo/Samsung/Redmi,https://www.daraz.com.bd/products/mivivorealmeopposamsungredmi-33w-c-i415393999-s2329381582.html,https://bd-live-21.slatic.net/kf/S2c0af0f9242b468ba0310c11c520c3b9U.jpg,output_v2\images\products\PD02.jpg,5,এডজাস্ট হয় নাই ,,,True,,
RV164,PD02,Daraz,33W Quick Charger Type-C for Xiaomi/vivo/realme/oppo/Samsung/Redmi,https://www.daraz.com.bd/products/mivivorealmeopposamsungredmi-33w-c-i415393999-s2329381582.html,https://bd-live-21.slatic.net/kf/S2c0af0f9242b468ba0310c11c520c3b9U.jpg,output_v2\images\products\PD02.jpg,5,good product 💯 ,,,True,,
RV165,PD02,Daraz,33W Quick Charger Type-C for Xiaomi/vivo/realme/oppo/Samsung/Redmi,https://www.daraz.com.bd/products/mivivorealmeopposamsungredmi-33w-c-i415393999-s2329381582.html,https://bd-live-21.slatic.net/kf/S2c0af0f9242b468ba0310c11c520c3b9U.jpg,output_v2\images\products\PD02.jpg,5,  valoi ache 👍 ,,,True,,
RV166,PD02,Daraz,33W Quick Charger Type-C for Xiaomi/vivo/realme/oppo/Samsung/Redmi,https://www.daraz.com.bd/products/mivivorealmeopposamsungredmi-33w-c-i415393999-s2329381582.html,https://bd-live-21.slatic.net/kf/S2c0af0f9242b468ba0310c11c520c3b9U.jpg,output_v2\images\products\PD02.jpg,5,চার্জিং স্লো।  ,,,True,,
RV167,PD02,Daraz,33W Quick Charger Type-C for Xiaomi/vivo/realme/oppo/Samsung/Redmi,https://www.daraz.com.bd/products/mivivorealmeopposamsungredmi-33w-c-i415393999-s2329381582.html,https://bd-live-21.slatic.net/kf/S2c0af0f9242b468ba0310c11c520c3b9U.jpg,output_v2\images\products\PD02.jpg,5,Nice product  ,,,True,,
RV168,PD02,Daraz,33W Quick Charger Type-C for Xiaomi/vivo/realme/oppo/Samsung/Redmi,https://www.daraz.com.bd/products/mivivorealmeopposamsungredmi-33w-c-i415393999-s2329381582.html,https://bd-live-21.slatic.net/kf/S2c0af0f9242b468ba0310c11c520c3b9U.jpg,output_v2\images\products\PD02.jpg,5,চার্জার ভালো  ,,,True,,
RV169,PD02,Daraz,33W Quick Charger Type-C for Xiaomi/vivo/realme/oppo/Samsung/Redmi,https://www.daraz.com.bd/products/mivivorealmeopposamsungredmi-33w-c-i415393999-s2329381582.html,https://bd-live-21.slatic.net/kf/S2c0af0f9242b468ba0310c11c520c3b9U.jpg,output_v2\images\products\PD02.jpg,5,good product ,,,True,,
RV170,PD02,Daraz,33W Quick Charger Type-C for Xiaomi/vivo/realme/oppo/Samsung/Redmi,https://www.daraz.com.bd/products/mivivorealmeopposamsungredmi-33w-c-i415393999-s2329381582.html,https://bd-live-21.slatic.net/kf/S2c0af0f9242b468ba0310c11c520c3b9U.jpg,output_v2\images\products\PD02.jpg,5,goog charger ,,,True,,
RV171,PD02,Daraz,33W Quick Charger Type-C for Xiaomi/vivo/realme/oppo/Samsung/Redmi,https://www.daraz.com.bd/products/mivivorealmeopposamsungredmi-33w-c-i415393999-s2329381582.html,https://bd-live-21.slatic.net/kf/S2c0af0f9242b468ba0310c11c520c3b9U.jpg,output_v2\images\products\PD02.jpg,5,অনেক ভালো  ,,,True,,
RV172,PD02,Daraz,33W Quick Charger Type-C for Xiaomi/vivo/realme/oppo/Samsung/Redmi,https://www.daraz.com.bd/products/mivivorealmeopposamsungredmi-33w-c-i415393999-s2329381582.html,https://bd-live-21.slatic.net/kf/S2c0af0f9242b468ba0310c11c520c3b9U.jpg,output_v2\images\products\PD02.jpg,5,অনেক ভালো  ,,,True,,
RV173,PD02,Daraz,33W Quick Charger Type-C for Xiaomi/vivo/realme/oppo/Samsung/Redmi,https://www.daraz.com.bd/products/mivivorealmeopposamsungredmi-33w-c-i415393999-s2329381582.html,https://bd-live-21.slatic.net/kf/S2c0af0f9242b468ba0310c11c520c3b9U.jpg,output_v2\images\products\PD02.jpg,5,ভালো ,,,True,,
RV174,PD02,Daraz,33W Quick Charger Type-C for Xiaomi/vivo/realme/oppo/Samsung/Redmi,https://www.daraz.com.bd/products/mivivorealmeopposamsungredmi-33w-c-i415393999-s2329381582.html,https://bd-live-21.slatic.net/kf/S2c0af0f9242b468ba0310c11c520c3b9U.jpg,output_v2\images\products\PD02.jpg,5,good  ,,,True,,
RV175,PD02,Daraz,33W Quick Charger Type-C for Xiaomi/vivo/realme/oppo/Samsung/Redmi,https://www.daraz.com.bd/products/mivivorealmeopposamsungredmi-33w-c-i415393999-s2329381582.html,https://bd-live-21.slatic.net/kf/S2c0af0f9242b468ba0310c11c520c3b9U.jpg,output_v2\images\products\PD02.jpg,5,nice ,,,True,,
RV176,PD02,Daraz,33W Quick Charger Type-C for Xiaomi/vivo/realme/oppo/Samsung/Redmi,https://www.daraz.com.bd/products/mivivorealmeopposamsungredmi-33w-c-i415393999-s2329381582.html,https://bd-live-21.slatic.net/kf/S2c0af0f9242b468ba0310c11c520c3b9U.jpg,output_v2\images\products\PD02.jpg,5,সুপার ,,,True,,
RV177,PD02,Daraz,33W Quick Charger Type-C for Xiaomi/vivo/realme/oppo/Samsung/Redmi,https://www.daraz.com.bd/products/mivivorealmeopposamsungredmi-33w-c-i415393999-s2329381582.html,https://bd-live-21.slatic.net/kf/S2c0af0f9242b468ba0310c11c520c3b9U.jpg,output_v2\images\products\PD02.jpg,5,ভালো  ,,,True,,
RV178,PD02,Daraz,33W Quick Charger Type-C for Xiaomi/vivo/realme/oppo/Samsung/Redmi,https://www.daraz.com.bd/products/mivivorealmeopposamsungredmi-33w-c-i415393999-s2329381582.html,https://bd-live-21.slatic.net/kf/S2c0af0f9242b468ba0310c11c520c3b9U.jpg,output_v2\images\products\PD02.jpg,5,Not Bad ,,,True,,
RV179,PD02,Daraz,33W Quick Charger Type-C for Xiaomi/vivo/realme/oppo/Samsung/Redmi,https://www.daraz.com.bd/products/mivivorealmeopposamsungredmi-33w-c-i415393999-s2329381582.html,https://bd-live-21.slatic.net/kf/S2c0af0f9242b468ba0310c11c520c3b9U.jpg,output_v2\images\products\PD02.jpg,5,ভালো আছে  ,,,True,,
RV180,PD02,Daraz,33W Quick Charger Type-C for Xiaomi/vivo/realme/oppo/Samsung/Redmi,https://www.daraz.com.bd/products/mivivorealmeopposamsungredmi-33w-c-i415393999-s2329381582.html,https://bd-live-21.slatic.net/kf/S2c0af0f9242b468ba0310c11c520c3b9U.jpg,output_v2\images\products\PD02.jpg,5,nice 💯 ,,,True,,
RV181,PD02,Daraz,33W Quick Charger Type-C for Xiaomi/vivo/realme/oppo/Samsung/Redmi,https://www.daraz.com.bd/products/mivivorealmeopposamsungredmi-33w-c-i415393999-s2329381582.html,https://bd-live-21.slatic.net/kf/S2c0af0f9242b468ba0310c11c520c3b9U.jpg,output_v2\images\products\PD02.jpg,5,খুব ভালো  ,,,True,,
RV182,PD02,Daraz,33W Quick Charger Type-C for Xiaomi/vivo/realme/oppo/Samsung/Redmi,https://www.daraz.com.bd/products/mivivorealmeopposamsungredmi-33w-c-i415393999-s2329381582.html,https://bd-live-21.slatic.net/kf/S2c0af0f9242b468ba0310c11c520c3b9U.jpg,output_v2\images\products\PD02.jpg,5,"valo
 ",,,True,,
RV183,PD02,Daraz,33W Quick Charger Type-C for Xiaomi/vivo/realme/oppo/Samsung/Redmi,https://www.daraz.com.bd/products/mivivorealmeopposamsungredmi-33w-c-i415393999-s2329381582.html,https://bd-live-21.slatic.net/kf/S2c0af0f9242b468ba0310c11c520c3b9U.jpg,output_v2\images\products\PD02.jpg,3,"Not so Fast as told Fast Carger but Not Bad, Good Quality product,If anyone Need Can Purchase.
Packaging is Good. ",,,True,,
RV184,PD02,Daraz,33W Quick Charger Type-C for Xiaomi/vivo/realme/oppo/Samsung/Redmi,https://www.daraz.com.bd/products/mivivorealmeopposamsungredmi-33w-c-i415393999-s2329381582.html,https://bd-live-21.slatic.net/kf/S2c0af0f9242b468ba0310c11c520c3b9U.jpg,output_v2\images\products\PD02.jpg,3,"ভালো, ফাস্ট চার্জ হয়। কিন্তু অরজিনাল নাকি বুঝতে পারছি না। made in india লেখা।  ",,,True,,
RV185,PD02,Daraz,33W Quick Charger Type-C for Xiaomi/vivo/realme/oppo/Samsung/Redmi,https://www.daraz.com.bd/products/mivivorealmeopposamsungredmi-33w-c-i415393999-s2329381582.html,https://bd-live-21.slatic.net/kf/S2c0af0f9242b468ba0310c11c520c3b9U.jpg,output_v2\images\products\PD02.jpg,5,,https://lzd-u.slatic.net/feda1f1d0eaa4368b9e0e2f346f0006e_0c2551c8ad00425c8873d9361ed5e240.jpg,output_v2\images\reviews\RV185\img_01.jpg,True,,
RV186,PD02,Daraz,33W Quick Charger Type-C for Xiaomi/vivo/realme/oppo/Samsung/Redmi,https://www.daraz.com.bd/products/mivivorealmeopposamsungredmi-33w-c-i415393999-s2329381582.html,https://bd-live-21.slatic.net/kf/S2c0af0f9242b468ba0310c11c520c3b9U.jpg,output_v2\images\products\PD02.jpg,1,"baje product kew kinben na, 33w likha kintu mone hoy 10w delivery kore, age phone charge hoito 1.5 hour er moddhei ar ekhon 5hour charge dile o full hoyna, waste of money, pura tk tai nosto ",,,True,,
RV187,PD02,Daraz,33W Quick Charger Type-C for Xiaomi/vivo/realme/oppo/Samsung/Redmi,https://www.daraz.com.bd/products/mivivorealmeopposamsungredmi-33w-c-i415393999-s2329381582.html,https://bd-live-21.slatic.net/kf/S2c0af0f9242b468ba0310c11c520c3b9U.jpg,output_v2\images\products\PD02.jpg,2,আমার মনে হয় আমার চার্জার টা পুরোনো তারা আমাকে হয়তো পুরোনো চার্জার দিয়েছে চার্জার একটু পুরোনো দেখাচ্ছে এবং এক জায়গায় স্পট বুঝতে পারছি।যাই হোক তারা যদি আমাকে ঠকিয়ে থাকে তাহলে উপরে একজন দেখে নিবেন🥲 ,,,True,,
RV188,PD02,Daraz,33W Quick Charger Type-C for Xiaomi/vivo/realme/oppo/Samsung/Redmi,https://www.daraz.com.bd/products/mivivorealmeopposamsungredmi-33w-c-i415393999-s2329381582.html,https://bd-live-21.slatic.net/kf/S2c0af0f9242b468ba0310c11c520c3b9U.jpg,output_v2\images\products\PD02.jpg,1,"turbo ফাস্ট চার্জিং সাপোর্ট করে না ১৮w ভাই এমনি প্রোডাক্ট ভিতরে ভালো আছে চার্জনেয় ,  কিন্তু  আমার থেকে দাম বেশি নিছে ৫১০৳ 😥 ",,,True,,
RV189,PD02,Daraz,33W Quick Charger Type-C for Xiaomi/vivo/realme/oppo/Samsung/Redmi,https://www.daraz.com.bd/products/mivivorealmeopposamsungredmi-33w-c-i415393999-s2329381582.html,https://bd-live-21.slatic.net/kf/S2c0af0f9242b468ba0310c11c520c3b9U.jpg,output_v2\images\products\PD02.jpg,1,"বাদের টকটা প্রডাক্ট পুরান একটা মাল দিয়া দিছে,, তাও আবার ভালো ভাবে কাজ করে ৩৩w চার্জারে ১০w ও সাপোর্ট দেয় না  ",,,True,,
RV190,PD02,Daraz,33W Quick Charger Type-C for Xiaomi/vivo/realme/oppo/Samsung/Redmi,https://www.daraz.com.bd/products/mivivorealmeopposamsungredmi-33w-c-i415393999-s2329381582.html,https://bd-live-21.slatic.net/kf/S2c0af0f9242b468ba0310c11c520c3b9U.jpg,output_v2\images\products\PD02.jpg,2,"The charger is quick charger, but the cable is cheap two wire voltage cable and NOT 4 wire data cable. Therefore quick charge will fail. You need to buy another 4 wire data cable for it to work.",,,True,,
RV191,PD02,Daraz,33W Quick Charger Type-C for Xiaomi/vivo/realme/oppo/Samsung/Redmi,https://www.daraz.com.bd/products/mivivorealmeopposamsungredmi-33w-c-i415393999-s2329381582.html,https://bd-live-21.slatic.net/kf/S2c0af0f9242b468ba0310c11c520c3b9U.jpg,output_v2\images\products\PD02.jpg,1,মোটেও ভালো না।  আমি রিটার্ন করছি কিন্তু রিটার্ন রিজেক্ট করে দিছে। ফাউল মার্কা ব্যবসায়ী। ১০০ টাকা দামের চার্জার ৪৫০ টাকা নিছে। কেউ নিবেন না। ,,,True,,
RV192,PD02,Daraz,33W Quick Charger Type-C for Xiaomi/vivo/realme/oppo/Samsung/Redmi,https://www.daraz.com.bd/products/mivivorealmeopposamsungredmi-33w-c-i415393999-s2329381582.html,https://bd-live-21.slatic.net/kf/S2c0af0f9242b468ba0310c11c520c3b9U.jpg,output_v2\images\products\PD02.jpg,1,"khob e kharap 20 minutes a 1% charge hoi
newar age obbosoi chinta korben  ",,,True,,
RV193,PD02,Daraz,33W Quick Charger Type-C for Xiaomi/vivo/realme/oppo/Samsung/Redmi,https://www.daraz.com.bd/products/mivivorealmeopposamsungredmi-33w-c-i415393999-s2329381582.html,https://bd-live-21.slatic.net/kf/S2c0af0f9242b468ba0310c11c520c3b9U.jpg,output_v2\images\products\PD02.jpg,1,Very bad product. It oroduce only 1.5-2 watt. ,,,True,,
RV194,PD02,Daraz,33W Quick Charger Type-C for Xiaomi/vivo/realme/oppo/Samsung/Redmi,https://www.daraz.com.bd/products/mivivorealmeopposamsungredmi-33w-c-i415393999-s2329381582.html,https://bd-live-21.slatic.net/kf/S2c0af0f9242b468ba0310c11c520c3b9U.jpg,output_v2\images\products\PD02.jpg,1,"খুবই দুঃখজন, ফাস্ট চার্জ হয় না। very bed. ",,,True,,
RV195,PD02,Daraz,33W Quick Charger Type-C for Xiaomi/vivo/realme/oppo/Samsung/Redmi,https://www.daraz.com.bd/products/mivivorealmeopposamsungredmi-33w-c-i415393999-s2329381582.html,https://bd-live-21.slatic.net/kf/S2c0af0f9242b468ba0310c11c520c3b9U.jpg,output_v2\images\products\PD02.jpg,1,Valo na charge hotel onak somoy lage ,,,True,,
RV196,PD02,Daraz,33W Quick Charger Type-C for Xiaomi/vivo/realme/oppo/Samsung/Redmi,https://www.daraz.com.bd/products/mivivorealmeopposamsungredmi-33w-c-i415393999-s2329381582.html,https://bd-live-21.slatic.net/kf/S2c0af0f9242b468ba0310c11c520c3b9U.jpg,output_v2\images\products\PD02.jpg,1,Very bad product  ,,,True,,
RV197,PD03,Daraz,"[Acer Official Genuine] TWS Wireless Earbuds, earphone  headphone Deep Bass Stereo, Ultra-Long Battery Life for Sports And Running, In-Ear Design with Noise Cancellation And Low Latency Gaming Mode, HIFI Sound, Lightweight Touch Control",https://www.daraz.com.bd/products/i1587493421-s12695284482.html,https://static-01.daraz.com.bd/p/a5ee297867650faa4c79dba064943323.jpg,output_v2\images\products\PD03.jpg,5,"Very satisfied with the neckband. The sound quality is good, the connection is stable, and it is comfortable to use for a long time. The battery backup is also satisfactory. The build quality is good and the product looks stylish. Overall, good value for money. Highly recommended! 😊",,,True,,
